:020000040000fa
:080000000002040000000000f2
:020000040000fa
:04000800cc08000020
:020000040000fa
:04000c0032080000b6
:020000040000fa
:040010005208000092
:020000040000fa
:040014000c090000d3
:020000040000fa
:04001800ec080000f0
:020000040000fa
:04001c004e09000089
:020000040000fa
:040020007208000062
:020000040000fa
:040024004e09000081
:020000040000fa
:040028004e0900007d
:020000040000fa
:04002c002e09000099
:020000040000fa
:040030004e09000075
:020000040000fa
:040034004e09000071
:020000040000fa
:040038004e0900006d
:020000040000fa
:04003c004e09000069
:020000040000fa
:040040004e09000065
:020000040000fa
:040044004e09000061
:020000040000fa
:040048004e0900005d
:020000040000fa
:04004c00e6040000c6
:020000040000fa
:040050004e09000055
:020000040000fa
:040054004e09000051
:020000040000fa
:040058004e0900004d
:020000040000fa
:04005c004e09000049
:020000040000fa
:040060004e09000045
:020000040000fa
:040064004e09000041
:020000040000fa
:040068004e0900003d
:020000040000fa
:04006c004e09000039
:020000040000fa
:040070004e09000035
:020000040000fa
:040074004e09000031
:020000040000fa
:040078004e0900002d
:020000040000fa
:04007c004e09000029
:020000040000fa
:040080004e09000025
:020000040000fa
:040084004e09000021
:020000040000fa
:040088004e0900001d
:020000040000fa
:04008c004e09000019
:020000040000fa
:040090004e09000015
:020000040000fa
:040094004e09000011
:020000040000fa
:040098004e0900000d
:020000040000fa
:04009c004e09000009
:020000040000fa
:0400a0004e09000005
:020000040000fa
:0400a4004e09000001
:020000040000fa
:0400a8004e090000fd
:020000040000fa
:0400ac004e090000f9
:020000040000fa
:0400b0004e090000f5
:020000040000fa
:0400b4004e090000f1
:020000040000fa
:0400b8004e090000ed
:020000040000fa
:0400bc004e090000e9
:020000040000fa
:0400c0004e090000e5
:020000040000fa
:0400c4004e090000e1
:020000040000fa
:0400c8004e090000dd
:020000040000fa
:0400cc004e090000d9
:020000040000fa
:0400d0004e090000d5
:020000040000fa
:0400d4004e090000d1
:020000040000fa
:0400d8004e090000cd
:020000040000fa
:0400dc000c0800000c
:020000040000fa
:0400e0004e090000c5
:020000040000fa
:0400e4004e090000c1
:020000040000fa
:0400e8004e090000bd
:020000040000fa
:0400ec004e090000b9
:020000040000fa
:0400f0004e090000b5
:020000040000fa
:0400f4004e090000b1
:020000040000fa
:0400f8004e090000ad
:020000040000fa
:0400fc004e090000a9
:020000040000fa
:040100004e090000a4
:020000040000fa
:040104004e090000a0
:020000040000fa
:040108004e0900009c
:020000040000fa
:04010c004e09000098
:020000040000fa
:040110004e09000094
:020000040000fa
:040114004e09000090
:020000040000fa
:040118004e0900008c
:020000040000fa
:04011c004e09000088
:020000040000fa
:040120004e09000084
:020000040000fa
:040124004e09000080
:020000040000fa
:040128004e0900007c
:020000040000fa
:04012c004e09000078
:020000040000fa
:040130004e09000074
:020000040000fa
:040134008807000038
:020000040000fa
:04013800b407000008
:020000040000fa
:04013c00e0070000d8
:020000040000fa
:040140004e09000064
:020000040000fa
:040144004e09000060
:020000040000fa
:040148004e0900005c
:020000040000fa
:04014c004e09000058
:020000040000fa
:040150004e09000054
:020000040000fa
:040154004e09000050
:020000040000fa
:040158004e0900004c
:020000040000fa
:04015c004e09000048
:020000040000fa
:040160004e09000044
:020000040000fa
:040164004e09000040
:020000040000fa
:040168004e0900003c
:020000040000fa
:04016c004e09000038
:020000040000fa
:040170004e09000034
:020000040000fa
:040174004e09000030
:020000040000fa
:040178004e0900002c
:020000040000fa
:04017c004e09000028
:020000040000fa
:040180004e09000024
:020000040000fa
:040184004e09000020
:020000040000fa
:040188004e0900001c
:020000040000fa
:04018c004e09000018
:020000040000fa
:040190008a050000dc
:020000040000fa
:040194004e09000010
:020000040000fa
:040198004e0900000c
:020000040000fa
:04019c004e09000008
:020000040000fa
:0401a0004e09000004
:020000040000fa
:0401a4004e09000000
:020000040000fa
:0401a8004e090000fc
:020000040000fa
:0401ac004e090000f8
:020000040000fa
:0401b00052060000f3
:020000040000fa
:0401b40090060000b1
:020000040000fa
:0401b8004e090000ec
:020000040000fa
:0401bc004e090000e8
:020000040000fa
:0401c0004e090000e4
:020000040000fa
:0401c4004e090000e0
:020000040000fa
:0401c800ce0600005f
:020000040000fa
:0401cc000c0700001c
:020000040000fa
:0401d0004a070000da
:020000040000fa
:0401d4004e090000d0
:020000040000fa
:0401d8004e090000cc
:020000040000fa
:0401dc004e090000c8
:020000040000fa
:0401e0004e090000c4
:020000040000fa
:0401e4004e090000c0
:020000040000fa
:0401e8004e090000bc
:020000040000fa
:0401ec004e090000b8
:020000040000fa
:0401f0004e090000b4
:020000040000fa
:0401f4004e090000b0
:020000040000fa
:0401f8004e090000ac
:020000040000fa
:0401fc004e090000a8
:020000040000fa
:040200004e090000a3
:020000040000fa
:040204004e0900009f
:020000040000fa
:040208004e0900009b
:020000040000fa
:04020c004e09000097
:020000040000fa
:040210004e09000093
:020000040000fa
:040214004e0900008f
:020000040000fa
:040218004e0900008b
:020000040000fa
:04021c004e09000087
:020000040000fa
:040220004e09000083
:020000040000fa
:040224004e0900007f
:020000040000fa
:040228004e0900007b
:020000040000fa
:04022c004e09000077
:020000040000fa
:040230004e09000073
:020000040000fa
:040234004e0900006f
:020000040000fa
:040238004e0900006b
:020000040000fa
:04023c004e09000067
:020000040000fa
:040240004e09000063
:020000040000fa
:040244004e0900005f
:020000040000fa
:040248004e0900005b
:020000040000fa
:04024c004e09000057
:020000040000fa
:040250004e09000053
:020000040000fa
:040254004e0900004f
:020000040000fa
:040258004e0900004b
:020000040000fa
:04025c004e09000047
:020000040000fa
:040260004e09000043
:020000040000fa
:040264004e0900003f
:020000040000fa
:040268004e0900003b
:020000040000fa
:04026c004e09000037
:020000040000fa
:040270004e09000033
:020000040000fa
:040274004e0900002f
:020000040000fa
:040278004e0900002b
:020000040000fa
:04027c004e09000027
:020000040000fa
:040280004e09000023
:020000040000fa
:040284004e0900001f
:020000040000fa
:040288004e0900001b
:020000040000fa
:04028c004e09000017
:020000040000fa
:040290004e09000013
:020000040000fa
:040294004e0900000f
:020000040000fa
:040298004e0900000b
:020000040000fa
:04029c004e09000007
:020000040000fa
:0402a0004e09000003
:020000040000fa
:0402a4004e090000ff
:020000040000fa
:0402a8004e090000fb
:020000040000fa
:0402ac004e090000f7
:020000040000fa
:0402b0004e090000f3
:020000040000fa
:0402b4004e090000ef
:020000040000fa
:0402b8004e090000eb
:020000040000fa
:0402bc004e090000e7
:020000040000fa
:0402c0004e090000e3
:020000040000fa
:0402c4004e090000df
:020000040000fa
:0402c8004e090000db
:020000040000fa
:0402cc004e090000d7
:020000040000fa
:0402d0004e090000d3
:020000040000fa
:0402d4004e090000cf
:020000040000fa
:0402d8004e090000cb
:020000040000fa
:0402dc004e090000c7
:020000040000fa
:0402e0004e090000c3
:020000040000fa
:0402e4004e090000bf
:020000040000fa
:0402e8004e090000bb
:020000040000fa
:0402ec004e090000b7
:020000040000fa
:0402f0004e090000b3
:020000040000fa
:0402f4004e090000af
:020000040000fa
:0402f8004e090000ab
:020000040000fa
:0402fc004e090000a7
:020000040000fa
:040300004e090000a2
:020000040000fa
:040304004e0900009e
:020000040000fa
:040308004e0900009a
:020000040000fa
:04030c004e09000096
:020000040000fa
:040310004e09000092
:020000040000fa
:040314004e0900008e
:020000040000fa
:040318004e0900008a
:020000040000fa
:04031c004e09000086
:020000040000fa
:040320004e09000082
:020000040000fa
:040324004e0900007e
:020000040000fa
:040328004e0900007a
:020000040000fa
:04032c004e09000076
:020000040000fa
:040330004e09000072
:020000040000fa
:040334004e0900006e
:020000040000fa
:100400004f5421000eff26000e018800000000005e
:10041000000020000000e000020032000001200087
:100420002002880014000700c40307000000e00059
:1004300003003a0080af24000100200002003700d2
:100440000000200001002000810f70000100320038
:100450000f000700000020000000e0000200320052
:100460000000020000000000c25502000000000071
:100470000040da000000fe00e05620000000e0002e
:1004800002003200002020009001880000000600d9
:10049000a1028800800478000000eb001f003700f4
:1004a000e284440054a0b4009905ba00e2844400f8
:1004b00054a0b4009906ba00e284440054a0b400e9
:1004c0000006eb00476fde00fd07b200ae018800ba
:1004d000636ce10003003a000ad801000000eb0061
:1004e0000e003700606ce10008003a00004deb00a0
:1004f0000a05e800020039003420ec000af0a000f0
:100500008b05e900f9ff3e00040037006168e10057
:10051000010032000086eb000b00070019c7ba008b
:100520001905ba000e04e00003003a000a00e000da
:10053000dbff3a0000000600fe07b200ae028800b2
:100540008a047800f5ff37000cd0a300e20f4d00bd
:100550001c003b0089027800354dba000a05e8000e
:10056000020039003420ec000af0a0008b05e900fd
:100570000f003200254dba000a05e80002003900dc
:100580003420ec000af0a0008b05e90008003200de
:100590000c00e0000600320015cdba000a05e800a4
:1005a000020039003420ec000af0a0008b05e900bd
:1005b0008984e80054a0b4000b00e000e2ff3a0098
:1005c000000006009902ba00055d78008b05e9007d
:1005d000f7ff3200c82ade00055d78008b05e900d0
:1005e000f3ff32000c00e000f1ff320019ddba0029
:1005f000eeff3700f85c0400000000003444040003
:10060000000000006844040000000000664504008b
:10061000000000005644040000000000544504009f
:10062000000000007244040000000000363f040097
:10063000000000007a3f040000000000be3f0400fc
:1006400000000000f83f04000000000052420400d7
:10065000000000007c4304000000000096400400fd
:10066000000000008641040000000000dc3d0400a2
:1006700000000000e43d040000000000ec3d040028
:1006800000000000f43d040000000000fc3d0400f8
:1006900000000000043e0400000000004e3e040084
:1006a00000000000de3e040000000000fc3e0400ec
:1006b00000000000043f0400000000000c3f0400a4
:1006c00000000000143f0400000000002244040069
:1006d000000000003a44040000000000d43d040083
:1006e00000000000c23b040000000000e23c0400e7
:1006f000000000004031040000000000343104001c
:10070000000000004c3104000000000058310400db
:10071000000000006431040000000000703104009b
:10072000000000008a300400000000009e31040038
:1007300000000000cc310400000000002a32040058
:10074000000000005832040000000000bc32040029
:10075000000000004a33040000000000c63304001b
:100760000000000008340400000000002e340400e3
:100770000000000054340400000000007a3404003b
:1007800000000000a034040000000000ce3404008b
:1007900000000000fc3404000000000036350400b6
:1007a000000000006435040000000000083604006a
:1007b000000000005037040000000000ac360400c8
:1007c0000000000064300400000000003e3004001f
:1007d000000000003a3904000000000068390400fd
:1007e000000000009639040000000000ba38040040
:1007f00000000000e0380400000000009c3b040002
:1008000000000000c4390400000000003a3a04006f
:1008100000000000b03a040000000000263b040085
:1008200000000000c23d040000000000ce5a040099
:1008300000000000e45a040000000000fc5a04001c
:1008400000000000045b040000000000305b0400b6
:10085000000000006c5b040000000000565b040018
:1008600000000000825b040000000000985b0400b0
:10087000000000006e4504000000000084450400f4
:10088000000000009c45040000000000a445040096
:100890000000000032460400000000003649040059
:1008a00000000000e647040000000000e0450400ee
:1008b000000000001c460400000000000646040082
:1008c00000000000ce4a040000000000e44a0400da
:1008d00000000000f658040000000000825f0400e1
:1008e00000000000f25d040000000000065e04004d
:1008f00000000000165e040000000000225e0400fc
:10090000000000002c5e040000000000de5d04001a
:1009100000000000e85d040000000000385e0400f4
:1009200000000000565e0400000000009651040024
:1009300000000000b651040000000000cc5104008b
:1009400000000000ea510400000000000052040012
:1009500000000000145204000000000034520400a3
:100960000000000056520400000000005e52040027
:100970000000000066520400000000008c520400d9
:1009800000000000a4520400000000001653040000
:10099000000000002c530400000000004853040035
:1009a00000000000aa53040000000000bc52040034
:1009b00000000000ee1e0400000000005c190400ae
:1009c00000000000a80f0400000000003600f8003e
:1009d000809fbe00829fbe00849fbe00869fbe0097
:1009e0000200fa00c01580001047980013d0bf0025
:1009f000e44f500024003e0013d0bf008080fb0075
:100a0000a2472100810041001e41900082487800e9
:100a10000040e80013f0b70013d0bf00e14f5000d2
:100a20000e003a001e409000e14f500003003a00d3
:100a300020c0b30014f0b700080037001e4090003b
:100a4000e24f500003003a0050c0b30014f0b7006a
:100a50000200370010c0b30014f0b70014d0bf007c
:100a60000004e0000d0032003101210091407800c7
:100a700014d0bf0080cf50000800390010c0b30070
:100a800015f0b700050037001370ef001470ef0089
:100a90001570ef0000d62a00200507000040eb008b
:100aa000004f780012d0bf000004e0000d003200bb
:100ab000110121009140780010d0bf0080cf50007c
:100ac0000800310011d0bf008080fb00a24321004c
:100ad00081004100114f78000040e80011f0b7009c
:100ae000020037000040eb00004f78001e80fb0042
:100af000c01588000128a9000080fa004f03be003d
:100b00004f02be004f01be004f00be003600f9008c
:100b1000004006003600f800809fbe00829fbe00a5
:100b2000849fbe00869fbe003200f8003400f800ab
:100b300010002000a00188000020200000d0fe004e
:100b40000200fa00b08080000000e00002003200e5
:100b5000b080800000000100604080006400600000
:100b60000000e0000a003200d1608000010f780030
:100b7000c08080000000e00004003200c2808000dd
:100b80009e0078000000eb00020001000c48a90064
:100b900060408000680060000000e0000a00320051
:100ba000e1608000010f7800c08080000000e0005c
:100bb00004003200c28080009e00780010002000f7
:100bc000020001000c68a9006140800000102000b4
:100bd000008060000000e0000a0032003161800007
:100be000010f7800c08080000000e00004003200a7
:100bf000c28080009e0078002000200002000100da
:100c00000d08a900614080000020200000806000e5
:100c10000000e0000a00320041618000010f78000e
:100c2000c08080000000e00004003200c28080002c
:100c30009e00780030002000020001000d28a9006d
:100c40006140800000402000008060000000e00063
:100c50000a00320051618000010f7800c0808000de
:100c60000000e00004003200c28080009e00780096
:100c700040002000020001000d48a9000b48a90017
:100c80000080fa003400f9003200f9004f03be0082
:100c90004f02be004f01be004f00be003600f900fb
:100ca000004006003600f800809fbe00829fbe0014
:100cb000849fbe00869fbe003200f8003400f8001a
:100cc00010002000a00188000020200000d0fe00bd
:100cd0000200fa00d1608000010f7800c08080001f
:100ce0000000e00004003200c28080009e00780016
:100cf0000000eb00020001000c48a9000080fa008f
:100d00003400f9003200f9004f03be004f02be006c
:100d10004f01be004f00be003600f9000040060043
:100d20003600f800809fbe00829fbe00849fbe00f8
:100d3000869fbe003200f8003400f800100020004a
:100d4000a00188000020200000d0fe000200fa0070
:100d5000e1608000010f7800c08080000000e000aa
:100d600004003200c28080009e0078001000200045
:100d7000020001000c68a9000080fa003400f900ac
:100d80003200f9004f03be004f02be004f01be000b
:100d90004f00be003600f900004006003600f800a3
:100da000809fbe00829fbe00849fbe00869fbe00c3
:100db0003200f8003400f80010002000a001880084
:100dc0000020200000d0fe000200fa003161800007
:100dd000010f7800c08080000000e00004003200b5
:100de000c28080009e0078002000200002000100e8
:100df0000d08a9000080fa003400f9003200f90063
:100e00004f03be004f02be004f01be004f00be00a8
:100e10003600f900004006003600f800809fbe0052
:100e2000829fbe00849fbe00869fbe003200f800f5
:100e30003400f80010002000a001880000202000ed
:100e400000d0fe000200fa0041618000010f78002e
:100e5000c08080000000e00004003200c2808000fa
:100e60009e00780030002000020001000d28a9003b
:100e70000080fa003400f9003200f9004f03be0090
:100e80004f02be004f01be004f00be003600f90009
:100e9000004006003600f800809fbe00829fbe0022
:100ea000849fbe00869fbe003200f8003400f80028
:100eb00010002000a00188000020200000d0fe00cb
:100ec0000200fa0051618000010f7800c0808000ac
:100ed0000000e00004003200c28080009e00780024
:100ee00040002000020001000d48a9000080fa0027
:100ef0003400f9003200f9004f03be004f02be007b
:100f00004f01be004f00be003600f9000040060051
:100f10003600f800809fbe00829fbe00849fbe0006
:100f2000869fbe000200fa0010002000000f78002b
:100f3000808180000000e000030032008181800099
:100f40001e007800010001000868a9000080fa0076
:100f50004f03be004f02be004f01be004f00be0057
:100f60003600f900004006003600f800809fbe0001
:100f7000829fbe00849fbe00869fbe000200fa00d2
:100f800020002000000f7800808180000000e00039
:100f900003003200818180001e0078000100010002
:100fa0000888a9000080fa004f03be004f02be006f
:100fb0004f01be004f00be003600f90000400600a1
:100fc0003600f800809fbe00829fbe00849fbe0056
:100fd000869fbe000200fa0030002000000f78005b
:100fe000808180000000e0000300320081818000e9
:100ff0001e0078000100010008a8a9000080fa0086
:101000004f03be004f02be004f01be004f00be00a6
:101010003600f900004006003600f800809fbe0050
:10102000829fbe00849fbe00869fbe000000fa0023
:10103000308080000000e00002003200308080003c
:101040000000010005a8a9000080fa004f03be00bf
:101050004f02be004f01be004f00be003600f90037
:10106000004006003600f800809fbe00829fbe0050
:10107000849fbe00869fbe000000fa00c068a900e1
:1010800020002000912b07000080fa004f03be00d3
:101090004f02be004f01be004f00be003600f900f7
:1010a000004006003600f800809fbe00829fbe0010
:1010b000849fbe00869fbe000000fa00c608a900fb
:1010c00070002000812b07000080fa004f03be0053
:1010d0004f02be004f01be004f00be003600f900b7
:1010e000004006003600f800809fbe00829fbe00d0
:1010f000849fbe00869fbe000000fa00204680004c
:10110000700060000000e00003003200c488a90005
:10111000a00020006d2b0700214680000002200067
:10112000008060000000e00003003200c4a8a900b5
:1011300090002000652b0700214680000010200051
:10114000008060000000e00003003200c508a90034
:10115000c00020005d2b07002146800000202000f9
:10116000008060000000e00003003200c528a900f4
:10117000d0002000552b0700204680006100600051
:101180000000e00003003200c408a900b000200005
:101190004e2b0700ffff37003600f800809fbe008f
:1011a000829fbe00849fbe00869fbe000000fa00a2
:1011b000c028a9000000eb00442b07000080fa00c3
:1011c0004f03be004f02be004f01be004f00be00e5
:1011d0003600f900004006003600f800809fbe008f
:1011e000829fbe00849fbe00869fbe000000fa0062
:1011f000c088a90030002000342b07000080fa00ce
:101200004f03be004f02be004f01be004f00be00a4
:101210003600f900004006003600f800809fbe004e
:10122000829fbe00849fbe00869fbe000000fa0021
:101230002d2b0700c048a90010002000232b070019
:101240000080fa004f03be004f02be004f01be00f7
:101250004f00be003600f900004006003600f800de
:10126000809fbe00829fbe00849fbe00869fbe00fe
:101270000000fa00a0818000000001000028a90001
:101280000080fa004f03be004f02be004f01be00b7
:101290004f00be003600f900004006000040da00b2
:1012a0000000fe000a00fa0011002000b1bf9f00fc
:1012b000c0bf9f006a805700340c07004fb89700ea
:1012c0000080fa00000006000800fa0010079800ed
:1012d00021079800320798000000eb00000f78000b
:1012e00000000000602407000004a2000004e000e9
:1012f000fcff3a000a003700000000004a24070003
:101300000004a2000004e000fcff3a002e00900060
:101310001e004000104078001e0fe8002d2407003a
:101320003e0090009e007800808f5000f2ff390050
:101330001e0078000080fa00000006000000050092
:1013400014002000a9023700f4ff2f00a702370085
:101350000001be00190007000470a70003f0a100ff
:1013600003f8a30013003a006509b1001000320031
:10137000090035006928e10002003500010028005d
:101380000000050000004000818048008502e9005f
:10139000fcff3a0000000600f88f4200050035000f
:1013a0008100d1000080d3008502e800fcff3a00f4
:1013b000000006008000eb0000000500c70ade0008
:1013c000f107b200f50fb20008003200e1cf420091
:1013d000020032000170a00024000500810f70009f
:1013e000010032000408050044000500810f700070
:1013f00002003a00140005008502e90000004000e8
:1014000081c04800fcff3b000170a00024000500e3
:101410006022b800060220000000d0008180d200c7
:101420000482d2008582d2000000a0000202520095
:1014300083825a00030031000202420083824a0084
:101440000000a1000603e900f3ff3a0000000600d7
:10145000889fbe008a9fbe008c9fbe001b0020009c
:101460000202be0005866800060028000606660027
:101470004709de00f20fb200820032000243e800aa
:1014800080003200c729de00f30fb2007d00320079
:101490000343e8007b003200f107b2000170a000b6
:1014a000f507b2000570a000c708dd004903de00a3
:1014b000868070004700dd00c72add004923de007a
:1014c000868272004722dd000305510004035000ac
:1014d00085835800030031000000400081804800ef
:1014e0000a05e9008c1f78008a9fbe0004005000a6
:1014f000858058000402420085824a0000004000b6
:10150000818048000005eb000004be006033b80095
:101510000406be000d48e100560031000500090038
:101520004dccd8000c01b8000d02b80084814100f8
:1015300060824a008283530003045c0084845c0060
:1015400060055d000a00e00025003a008005780093
:101550000d40e10049003100880078000700780064
:10156000050009004d88d8000c01b8000d02b80034
:101570008481410060824a006003110083835b0024
:1015800004045c00e0845c000900e00021003a00f3
:101590004f01be000300e0002b003200e3016000b9
:1015a000070673008c817100010032006400700036
:1015b0004200de004e5edd000c007000c258de000e
:1015c00001e0a00083010700cf0178008180710055
:1015d0004f06be004f05be004f04be0000000600cf
:1015e0008c8343000d044c00e0844c0060054d00ea
:1015f0000000e9000a00e000d4ff32008c834300c1
:101600000d044c00e0844c0060054d000000e90032
:10161000ceff37000c0343008d834b0060044c0069
:10162000e0844c000000e9000900e000d8ff32002f
:101630000c0343008d834b0060044c00e0844c009d
:101640000000e900d2ff37004200de004e5edd0000
:101650000c007000c258de0001e0a000cf0178004d
:101660000300e000daff320060001000e0801800a4
:10167000d7ff3700f0ff2f00aaff3700f0ff2f0041
:10168000b9ff37000404be002f0107008706780069
:101690000004fd008104fd002b01070007836600a4
:1016a0000678a300030032000960a7000800be000e
:1016b0002c0037000d78a300020032000800be00a5
:1016c000280037000778a30026003a0001f0a100a7
:1016d00009f0a1000668a30003003200f1ff270013
:1016e000f0ff2f00baff37000d68a300030032009f
:1016f0000800be008c807000b5ff37000768a300ab
:1017000007003a000648a30003003200f1ff27005b
:10171000f0ff2f00aeff37000d48a300030032009a
:101720006000b8008c807000a9ff37000748a30054
:101730000400320001f82700000020008c807000b7
:10174000a3ff3700760107000004fd008104fd00bf
:1017500002057800720107000802be008a017800c5
:1017600059ff37000160a00012022000c2818800ea
:1017700097ff37000100e000120032000500e00092
:1017800010003200889fbe008a9fbe008c9fbe0062
:101790000006eb0001f8a300030032006000100017
:1017a000e08018000cf0a00005f8a3000300320050
:1017b00060021200e0821a000cf0a2008005eb002b
:1017c00041ff37006000b800020005000383680095
:1017d0000700280007036300470ade000480a10019
:1017e000c71ade000580a100f70f20000720e100e6
:1017f000420032000728e10040003200889fbe000e
:101800008a9fbe008c1f7800f107b200f307b20078
:101810000400e000640032000170a0000500e00058
:10182000680032000370a00085054200eb07b1009c
:101830000204b8000302b8008484440060854a00b2
:10184000020ab800848444000a854a00030ab800ea
:1018500004054500040033000804d0008984d20048
:101860000a85d2008b05e9006158e1003d00350092
:101870000210200009016100030820008981610035
:10188000f70720008783640008867300c84cde00d9
:10189000c853dd00878474004855de000300e00073
:1018a0000600320082037600040032008904e8005a
:1018b00060054d000a88a3000c003a00f70f2000d5
:1018c0000758e10044003d000a70a100c75ddd003b
:1018d0000a8575008a007300090078004f067800b9
:1018e0004f05be004f04be00000006000a05d100ef
:1018f0008984d3008b05e800f0ff3700881f78004b
:101900000604780090000700070278000001fd003f
:101910008101fd008c0007008702780085037200ba
:101920000778a300050032000001fd008101fd00e1
:101930009f0007004f047800000006008503720036
:101940000748a30003003200f0ff2f00f1ff27003b
:10195000f8ff37000000200001f8270088807000a1
:10196000f4ff3700880178004848dd00808171006d
:101970004848de00c850dd0001007000c850de009d
:10198000060478000b0178001600070088807000bc
:10199000d2ff37000500e0000500320017002000ec
:1019a0003a0007009dff370081037000f9ff3a00fd
:1019b000860078004f0678004f05be004f04be0039
:1019c0000000050083037100f9ff320027002000aa
:1019d0002e00070094ff370001f827008680700072
:1019e000f4ff37000100e000260032006101110021
:1019f0007810e10023003c006022b8007010e10084
:101a00000400350080027800010078008000eb00bf
:101a1000700151000200e000090034007003110061
:101a2000062add00822ade008603dd00878272003e
:101a30000200de00860bdd00070070008208de0079
:101a400084817100f4ff27000482620084817100a8
:101a500004002800848262006102600005f0a60094
:101a60000000060004827100070032000000e80058
:101a7000e0804800000006000002be006000b800e0
:101a8000efff37006000b80000000600889fbe002e
:101a90000004eb006138e10016003a000100e000ac
:101aa00008003a00c800de004800dd008800200081
:101ab0000100e00003003a00c800de004800dd003d
:101ac000680444008184cf00e98454000600340097
:101ad0008908dd00f08314008703de008780700032
:101ae0000900dd0009044400610214004f04be0037
:101af000000006000300e00008003a00c811de0004
:101b00004811dd00880020000300e00003003a00d7
:101b1000c811de004811dd00680444008384cf0052
:101b2000e9845400060034008919dd00f0831400b4
:101b30008713de00878171000911dd00090444006c
:101b4000e1021400e9ff37002700200001f0a700a0
:101b500017002000470bde00f60fb2000400320031
:101b60000643e8000a0032004702b3000000060006
:101b700001037800f607b2000603700002003a0085
:101b80000703b300000006008702b3000000060050
:101b900001037800f607b20006037000020032006d
:101ba0000770a000000006000760a000000006000b
:101bb0000478a300040032000578a300030032007b
:101bc0000168a30001003a000200be000160a0000d
:101bd0000000060081017000270032008002eb0047
:101be00001f8a3000300320060001000e08018003c
:101bf00015002000f40720000202420020003400fb
:101c0000f703200087036000060420000003630040
:101c100002082000000161004700de00c909dd0064
:101c200000807100c708de000600e00008003200f6
:101c300087037100060032001000b0000180b00080
:101c40000188a30002003200c108de000402e8009f
:101c5000f107b200f30f20000320e10003003d0074
:101c60004722dd00810072002900370001f82700bb
:101c70000000eb00260037006000b80000000600fe
:101c8000680212007f20e100020034006000b8000a
:101c90001f0037006011b8007020e100040035001b
:101ca00080017800010078008000eb007002520093
:101cb0000400e00009003400f00312000719dd0001
:101cc0008419de000703dd00868171000400de0058
:101cd000070bdd00060070008408de00f7ff270018
:101ce00083836300870371000600280003036300f9
:101cf000070032000700e00003003a0061016000c5
:101d000002817300020032001000b0000180b000b8
:101d10000500a6000000060001f0a000000006007b
:101d20004f0ade004709de00f107b200f20fb200f1
:101d30000b003200f207b1000170a000c708dd00ff
:101d4000c901de00838070004700dd000400a600aa
:101d50000000060060001000e0801800000006008f
:101d6000810f700001003a00000006008182cf0060
:101d70000500e00010003e008082cf00ee824200ad
:101d80007028e1000400390007003e008000780060
:101d90000000eb000e003700708312008600de00aa
:101da0000500dd000a003700708352008600dd0068
:101db0000000eb0006003700e28252008508dd00db
:101dc000708312000603de00868070000500dd00cf
:101dd0007507b0000501ea000400a6000000060037
:101de00060001000e080180000000600889fbe0020
:101df0008a9fbe00841f7800170007004f007800fc
:101e000011003300f0ff2f00838f6c0006003b00b1
:101e1000040565000a00a7000800370009f0a600c5
:101e20001000200008003700820f5400838f5c00f0
:101e3000030039001000200001003e0000002000d7
:101e400009f0a7000000ea004f05be004f04be00e5
:101e50000000e000000006000004be0057fd07007f
:101e60000003be000405be000200be0053fd0700d3
:101e7000844f7500000006000000fa0068815700da
:101e8000cfb8970000a4800010007800e904070094
:101e90000080fa0000000600970337000000fa00f7
:101ea00068815700cfb8970000a480001000780028
:101eb000e00407000080fa00000006002b00070085
:101ec00085000700550307000804070030040700d9
:101ed0008903070002050700740507001f05370086
:101ee0000000fa0068815700cfb8970000a4800076
:101ef00010007800cf0407000080fa000000060000
:101f00001a00070045030700f80307002004070034
:101f100079030700650507001005370001a480005c
:101f20009100780009080700110020000000e0007f
:101f30000500350000a4800090007800a00020007b
:101f4000b6080700cf00de000100ea00000006002e
:101f5000000006006048210000000600fdff0700a9
:101f600020a4880010a4880000000600ec87470029
:101f7000889fbe008a9fbe008c9fbe008e1f780087
:101f800000067800010478001807900028059000ea
:101f900098067800cdb79f00b80590003202be00c9
:101fa0002203be000400be000601be004f18de0082
:101fb0006011b8008000eb00d0b79f00e1b79f0030
:101fc000f2b79f0083bf9f00800478000900e00003
:101fd000060032006000b8006011b8000402500032
:101fe0008582580006035900878359000e00e000df
:101ff000020035000d10a100cdb79f000900e000e0
:1020000005003a004fb097000028a30002003a00f4
:102010000038a300020032008a00e9000100370006
:102020008a007800f8815700a2002000080078009c
:102030005b0307000900e00003003a00cfb09700ff
:102040000128a300080032000000e90000814500db
:10205000b1c2b3000900e00001003200d1c2b300f8
:1020600001497800060037000138a300040032005f
:102070000000e9008080450002c2b3008248780079
:10208000480190000201e9000001510080804500f4
:102090004fb297008a0178000c0078004e050700c7
:1020a0009c0090000188a30004003200980090007a
:1020b000810f500001003d00010078004f077800bb
:1020c0004f06be004f05be004f04be00cf00b1005a
:1020d00000000600000006002f04b000889fbe002c
:1020e0008a9fbe008c9fbe008e1f7800b09f9f000d
:1020f000a1a79f00a37f9f0011007800d0a79f0099
:1021000091009000f1a79f00afa19700a30190005c
:10211000c3a79f002fa2970044029000a49f9f0096
:10212000afa29700350790003204be002205be0022
:102130006022b8006033b8000800be000a01be008b
:10214000940807000000e00003003d000bf0a2002f
:10215000d0c2b300040037005fa397000628a30095
:1021600008003200b0c2b300004f7800cfa3970040
:102170008703e90087af9f0010002000e0a79f00c1
:102180000f003700dfa097000138a30008003200dd
:1021900000c2b300004f78004fa197000201e90090
:1021a00082af9f0013002000e3a79f0004003700c8
:1021b0004fa2970084af9f008002eb00e5a79f002d
:1021c0000800be000a01be00c2ff0700f4ff2f0096
:1021d000f5ff2f00f6ff2f00f7ff27000402600035
:1021e0008582600006036100878361006000b8009b
:1021f0000200200003ff27000020e10001a8e10009
:1022000002b0e10003b8e10010003a002f7b970014
:102210008600fb001104b100efa397000700470000
:10222000f98f500002003e00e1512100010037000b
:1022300021522100fa07070020522100ff07070062
:10224000efa0970001014000140037000020e100da
:1022500001a8e10002b0e10003b8e100120036007d
:102260002f7997008200fb001104b100efa19700c5
:1022700003004700f98f500002003e006152210028
:1022800001003700a1522100e5070700a0522100fc
:10229000ea0707006fa29700040140005fa29700c1
:1022a000cfa19700490237006022b8006033b80020
:1022b0000800be000a01be00360807000000e0006a
:1022c000680032006000b8000200200003ff230015
:1022d000d0af9f00e1af9f00f2af9f0083b79f0098
:1022e0008006eb000802be000a03be0094b79f0000
:1022f000a5b79f00b6b79f00c7b79f00070037007c
:102300008d06e8000800be000a01be00d0af9f00a5
:10231000e1af9f00f2af9f0083b79f006022b8003b
:1023200006002000470224005fa89700efa897004e
:102330007fa997008fb19700710907000004be00c4
:102340000205be000002be000203be001fb09700df
:10235000afb097003fb19700cfb197000d080700cd
:102360000000e000e6ff3d000006eb005fac9700d8
:10237000efac97007fad97008fb597002500370031
:1023800040ed2f00808f560019003d000c00e0004a
:1023900016003a006022b80006002000073524002d
:1023a0001fb09700afb097003fb19700cfb1970033
:1023b000530907000002be000203be0094b79f004d
:1023c000a5b79f00b6b79f00c7b79f006022b800af
:1023d00006002000073524000800be000a01be00e8
:1023e000470907000004be000205be001c002000d3
:1023f0006022b80006002000470224000800be004a
:102400000a01be008f0807000004be000205be00de
:102410008d06e9000802be000a03be001fb0970047
:10242000afb097003fb19700cfb19700d907070031
:102430000000e000d2ff35000800be000a01be0027
:10244000d0af9f00e1af9f00f2af9f0083b79f0026
:102450001fb49700afb497003fb59700cfb5970072
:10246000080037006022b8000600200007ff2300a4
:10247000d4af9f00e5af9f00f6af9f0087b79f00e6
:102480008006eb00af7a97000500fb008d07070080
:10249000b07f9f007fa39700600020000600e0004f
:1024a000010035007fa0970071c6b300bf7b970085
:1024b00081cf53000a003a00ffa097000100e0001e
:1024c000cb013200cb0137008d0f5000cf013c0013
:1024d00090b79f0052c6b300e2cf9f001e003700a6
:1024e000bf799700e3cf9f000200370064c6b300b6
:1024f000e4cf9f000000e80090b79f0060c6b300e3
:10250000efca970080cf520013003a000d00e000a0
:1025100008003d006000b8000200200003ff230017
:10252000d0af9f00e1af9f00f2af9f0083b79f0045
:102530008006eb0061c6b300e1cf9f0070c6b30018
:102540003f799700804f5100030032009fb1970000
:102550008d81410093b79f005faa9700efaa970073
:102560007fab97008fb39700d4b79f00e5b79f006c
:10257000f6b79f0087bf9f000800be000a01be009b
:1025800090af9f00a1af9f00b2af9f00c3af9f006d
:102590000006eb000802be000a03be00e49f9f0095
:1025a000f59f9f0086a79f0097a79f0031003700e7
:1025b0005fb29700efb297007fb397008fbb970091
:1025c0001fa89700afa897003fa99700cfa9970031
:1025d0001c080700760b07000004be000205be00c1
:1025e0009507070080027800b5a79f005fb29700ab
:1025f000efb297007fb397008fbb97000800be0033
:102600000a01be00be0807001faa9700afaa9700e4
:102610003fab9700cfab9700b90707000002be00a1
:102620000203be0007f0a20094af9f00a5af9f0079
:10263000b6af9f00c7af9f006022b8000600200021
:10264000470224005fb09700efb097007fb197007a
:102650008fb99700fb0707000002be000203be000f
:10266000d4b79f00e5b79f00f6b79f0087bf9f00d4
:102670000c06e8009fb29700850f5600ccff35008e
:102680006f9c9700ff9c97000fa597009fa5970050
:102690006022b80006002000470124005fb09700c8
:1026a000efb097007fb197008fb9970094080700ab
:1026b0000002be000203be00d4b79f00e5b79f0032
:1026c000f6b79f0087bf9f001fa89700afa897008d
:1026d0003fa99700cfa997002e0707000000e00050
:1026e0000f0035005fb29700efb297007fb39700fd
:1026f0008fbb97001fa89700afa897003fa997002e
:10270000cfa99700230707000000e00011003a005e
:10271000bfa297000508a300080032000d00370093
:102720006000b8006011b800d0b79f00e1b79f000b
:10273000f2b79f0083bf9f00060037006022b800f9
:102740006033b800d4b79f00e5b79f00f6b79f008d
:1027500087bf9f005fb29700efb297007fb39700eb
:102760008fbb97000800be000a01be006a07070081
:102770000002be000203be0094af9f00a5af9f0001
:10278000b6af9f00c7af9f006022b80006002000d0
:10279000470224005fa89700efa897007fa9970041
:1027a0008fb19700560807000004be000205be0066
:1027b0000002be000203be001fa89700afa897004a
:1027c0003fa99700cfa99700f70607000000e00097
:1027d000090035008d06e80060c6b300efca970017
:1027e00080cf520008003a001fb397000603e800ac
:1027f00096b79f00110037005fac9700efac9700d1
:102800007fad97008fb5970050c6b3006fc9970092
:10281000804f510009003a000802be000a03be00c2
:10282000d4b79f00e5b79f00f6b79f0087bf9f0012
:102830008002eb00d5af9f00070037000800be0004
:102840000a01be00d0b79f00e1b79f00f2b79f001a
:1028500083bf9f00ddaf9f006fa697000001eb00d4
:10286000b2a79f00c29f9f00e29f9f009d9f9f0075
:10287000680037005fb29700efb297007fb3970010
:102880008fbb97001fa89700afa897003fa997009c
:10289000cfa997006b070700c50a07000004be0018
:1028a0000205be00e4060700e90f500001003400f5
:1028b00090002000dfa197000348a3000c003a001d
:1028c0000000e0000a003a0071c6b3003f7a9700aa
:1028d000814f520006003a00dfaa97000500e00091
:1028e00003003d003fa397008606e8002100370063
:1028f000cf9b97000700e0000c003a00dfa897008c
:102900000100e00009003d000c014700e1c2b300f6
:10291000014978000c06e8000fa997000201e900c0
:1029200082af9f0013002000c39f9f000c0147004f
:10293000bfa697000300370001c3b3000159780018
:102940008d06e9000d00e000fbff3a003fa2970072
:10295000040646008c00470005c3b30085484000cc
:102960000c06e8000480ea000fab97000003430068
:1029700086af9f005fb29700efb297007fb39700da
:102980008fbb97000800be000a01be00dc070700ed
:102990001faa9700afaa97003fab9700cfab970055
:1029a000d70607000002be000203be0007f0a20027
:1029b00094af9f00a5af9f00b6af9f00c7af9f0029
:1029c0006022b80006002000470224005fb0970094
:1029d000efb097007fb197008fb9970019070700f4
:1029e0000002be000203be00d4b79f00e5b79f00ff
:1029f000f6b79f0087bf9f00dfaa97008502e90016
:102a0000d5af9f006f9b97000603e800e69f9f00ed
:102a1000bda79f00ef9b97001fb09700808f5300ca
:102a200005003d00afa097004100900065005000f8
:102a3000800f56008fff39009f9e97004f99970097
:102a40000200e00007003a00dfa197000348a3005e
:102a5000040032000c004700e1c2b30001487800d6
:102a60000c06e8000c0047000048eb0051c6b3001c
:102a70006fca9700814f520036003a00af9a970014
:102a80008500e900010147000049eb008001eb00ef
:102a90000d00e00002003d008d06ea00130020005a
:102aa00022002000810378008faa9700000478009c
:102ab0000b0037008103780007034700a4002000c3
:102ac000050009008406d80001027800800678001d
:102ad00000c3b300004b42000201e9008502e90097
:102ae0008700e9000d00e000f2ff3a000200e0007c
:102af000f0ff3c0085af9f0008007800010247000e
:102b0000b2c2b3000300e00001003200d2c2b30041
:102b1000024a78000101e90082004700af7997007e
:102b20000302fb001404b10053c6b300f90f5200b6
:102b300001003e0053c4b300834878000faa9700f9
:102b40000482e90084af9f00820f560001003d001f
:102b5000b3050700dfa2970063806200e20f500018
:102b600015003a000fab97000600e0001200340099
:102b70000e007800b1050700060037008fab970004
:102b8000870047008080400000014700924878009d
:102b90000000e900efa09700810f5000f7ff3d0013
:102ba000010047000fa9970001032000200507003e
:102bb0000001eb00c2a79f000e0078009f050700f0
:102bc0005fa29700cfa19700000178008e007800e7
:102bd0003f989700800207004f0778004f06be001d
:102be0004f05be004f04be002f04b10000000600d8
:102bf00010002000e48f460033fe3d0090b79f0098
:102c000053c6b300e3cf9f0053fe37000d00e00032
:102c100036fe350090b79f0046fe37000200fa00ee
:102c2000889fbe008a9fbe0080057800010478005e
:102c300002007800180190002805900098007800a4
:102c4000b1bf9f00b80490000200e0000200350010
:102c50000110a100b1bf9f00ea815700820020004f
:102c60008a0078003002be002003be000800780011
:102c70004b0007003fb99700f000610004003200ec
:102c80000000e9008080440002c3b300824878005d
:102c90003fb99700e8006100040032000000e9003d
:102ca0008080440002c2b30082487800480190004e
:102cb0000201e90000015100808044003fba970002
:102cc0008a0178000b007800430207009b00900007
:102cd0000188a3000400320098009000810f50008a
:102ce00001003d00010078004f05be004f04be000a
:102cf0000080fa0000000600ea874700889fbe00b7
:102d00008a9fbe008e1f78000004780003007800c0
:102d10007287570084e2260055c72600049fbe0034
:102d2000c3962200030f78006c875700004feb001a
:102d300011059000a1049000910578000200e000c8
:102d40000200320002077800010037007287570046
:102d50000000e00002003a000e007800370507008e
:102d60000a00e000030035008a0f50000100360021
:102d70000a0078000b0278008901780000017800d1
:102d80008e00780008007800130207004f077800d3
:102d90004f05be004f04be00af00b10000000600aa
:102da000f4874700889fbe008a9fbe008c9fbe00ac
:102db0008e1f78000605be000404be0081bf9f0080
:102dc00082b79f00f3b79f00b0009000e1b79f006b
:102dd0001301780092b79f00900690004000900089
:102de0000000e900000678000d00e00001003d0051
:102df0001d002000efb19700008041000048eb006b
:102e00001e0020001f0037000c06e9000fb09700dd
:102e1000cf80de006109b900a0b79f00b1b79f0065
:102e2000c2b79f00d3b79f000203be000002be00de
:102e30000800be000a01be00720807000007780003
:102e4000efb097000c80400003c3b3000348470075
:102e50008d06e9000fb897000000e90080bf9f00d1
:102e60002fb29700bfb297004fb39700dfb3970020
:102e70000800be000a01be005b0807000205be0094
:102e80000004be000c00e0000d003400e00f540010
:102e9000e08f5c00e00f5d00e08f5d00daff3a003c
:102ea0000d00e000d8ff3c008fb897000100e00063
:102eb000030034001fb197000218a300d2ff3a00ac
:102ec0000e00e00002003a00ffb197001340a1009d
:102ed0000c0078004f0778004f06be004f05be007b
:102ee0004f04be004f01b100000006000200fa00ce
:102ef000889fbe008a9fbe0000057800010478000c
:102f00000200780018019000a80490009800780052
:102f1000b1bf9f00b80590000200e000020035003c
:102f20000110a100b1bf9f00ea815700a20020005c
:102f3000890078003002be002003be00080078003f
:102f400097ff0700480190000201e90000015100cd
:102f5000808045003fba9700890178000a00780018
:102f60009d0107009a0090000188a3000400320030
:102f700098009000810f500001003d000100780092
:102f80004f05be004f04be000080fa00000006009e
:102f9000fa874700889fbe008a9fbe008c9fbe00b4
:102fa0008e1f780080047800010478008205780084
:102fb000180190002805900018077800b8009000cc
:102fc0000200e000020035000e10a10001003700f1
:102fd0001200200070006700e0b79f000900320077
:102fe0003b02be002b03be00e00f5200e08f5a00f0
:102ff000e00f5b00e08f5b00020032008a86e90090
:10300000010037008a067800e8026700f5b79f00e4
:10301000010032008d06e9003b02be002b03be001a
:10302000e4af9f00f5af9f0086b79f0097b79f0062
:10303000480690000c06e9000c8040000048eb00b8
:10304000efb297007fb2970089037800810478007f
:10305000d8af9f00020478008bbf9f008a057800dc
:10306000034578002b0037000c06e9006fab970092
:103070006f006300e90f500002003c000003b00045
:10308000010037007005b0000a03fb001604b10010
:10309000f90f53000c003e00000378000650a0001a
:1030a0001606b100f90f530007003e00b4b79f00a9
:1030b000a5b79f00c7b79f0089040700cfb397004b
:1030c000afb297003fb297000c834400004b7800ea
:1030d0000804e9008d06e9006fa89700ffa8970093
:1030e0000fb197009fb19700460020008301d100e7
:1030f0000281d3008180d3000080d3000603e90061
:10310000faff3a00e0af9f00f1af9f0082b79f0047
:1031100093b79f00e10f56000f0034006fa897008f
:10312000ffa897000fb197009fb19700e00f5000e4
:10313000e08f5800e00f5900e08f5900caff3a00b5
:103140000800e000c8ff3c000d00e0000200340071
:103150000e18a300c4ff3a0089007800f4b79f005e
:10316000870478005fac97008a4178000b057800ef
:103170008fbd97000500e000120032003b02be0048
:103180002b03be00e4af9f00f5af9f0086b79f0002
:1031900097b79f00e00f5200e08f5a00e00f5b00ee
:1031a000e08f5b00070032000c06e9000c80400055
:1031b000034878000c06e9000c80400002c3b3000d
:1031c00002487800ffb297000500e00004003200da
:1031d0000c06e9000c80400002c2b30002487800ef
:1031e000480190000201e9000c0151008c80400070
:1031f0000e0278008a01780009007800f6000700c6
:10320000990090000188a30004003200980090000b
:10321000810f500001003d00010078004f07780049
:103220004f06be004f05be004f04be00af01b10007
:10323000000006000200fa00881f780000047800f1
:10324000e2bf9f006481570008007800a4020700d5
:10325000980090000148a300010032000080eb00bc
:103260004f0478000080fa0000000600889fbe002e
:10327000000478004800900082047800808f540099
:1032800001003600800478000901780058009000a1
:1032900060030700580090000900400050049800a7
:1032a000c800900089845000490498000048eb0051
:1032b0004f04be00000006001000780002f837003e
:1032c000900190000388a30001003200e7ff37005f
:1032d0000348a30001003a00f7ff070000000600c2
:1032e000881f78000004780000082000808f5000bc
:1032f0001700350010082000808f50000b003400ac
:1033000030082000808f500011003a0092007800b1
:1033100068805000000978003002be002003be0023
:10332000049cbe000694be0007003700920278009d
:1033300064805200000978001000be001f040700de
:10334000009cbe000294be00100020000100370067
:103350000000eb004f047800000006008408200005
:10336000848f50001d0032000d003c001408200026
:10337000848f50002700320002003c000408200027
:103380000400370024082000848f500034003200ed
:1033900044082000848f500043003a003600370074
:1033a000040a2000848f50002700320004003c00f3
:1033b00004092000848f50003b003a0028003700a9
:1033c000020c2000828f50002f003200020f2000dc
:1033d000828f500034003a002b0037009380e900c0
:1033e0000200e00005003200810978001102fb00b4
:1033f000cfa2de00612bb9002800370081097800d8
:10340000114278000482fb008002eb006033b800b8
:103410002200370013027800e40052000200e000ae
:1034200005003200810978001102be004fabde00ba
:103430008603780019003700810978001102be0068
:103440006033b800150037009380e90081097800e7
:1034500011027800cfa2de00612bb9000f00370007
:1034600093027800e8805200810978003102be00a2
:103470002103be00090037009380e9000200e0004c
:1034800002003200f1ff37009380e90081097800e3
:10349000110278008002eb006033b8000498be008f
:1034a0000690be0010000500000005004408200042
:1034b000848f50002500320008003c0014082000d2
:1034c000848f50001400320024082000848f5000a4
:1034d00024003200040820000c00370004092000fa
:1034e000848f50001f00320004003c00840820003c
:1034f000848f500024003a000e003700040a200098
:10350000848f500011003200040c2000848f500082
:103510001d003a000d0037009380e9008109780012
:103520009100780001087800cf91de008288be000b
:10353000140037009380e900810978009100780039
:1035400001087800824878000e0037009380e90077
:1035500081097800910078000108780082087800dd
:10356000080037009380e900810978009100780015
:10357000010878006112b900612bb9008498be007f
:103580008690be001000050000000500889fbe0068
:10359000000478004800900082047800808f540076
:1035a000010036008004780009017800580090007e
:1035b000980207005800900009004000500498004d
:1035c000c800900089845000490498000048eb002e
:1035d0004f04be0000000600f2874700889fbe002f
:1035e0008a9fbe008c9fbe008e1f780080047800ea
:1035f0000105780002047800830578006107620005
:1036000002003a008b0f54000800390008017800ce
:103610008a0078000900780029ff07008b0f54000a
:1036200002003900880578001e0037000886550022
:103630000c017800f00f5600010036000201200056
:10364000010220007e805700790207008c06780076
:103650000500370002012000fe80570009007800b5
:1036600017ff0700f0865600ef8f5600f9ff3e0067
:103670004461de0000ff2f008091b9000c01410081
:10368000fe805700090078000dff07000e00e000e3
:1036900004003a00080178008a00780009007800e8
:1036a00007ff07000b0078004f0778004f06be00a9
:1036b0004f05be004f04be002f01b1000000060000
:1036c0000000050000000500000005000001780072
:1036d0000040eb008080fb0081804000835021008f
:1036e00081814100134278000404e00004003a00a4
:1036f0009050210081004000114078000000060039
:1037000092017800934f520005003a00905021003a
:1037100081004000114078000309e80001003700f3
:103720000040e800ea4f5000eaff360000000600c3
:10373000f6874700889fbe008a9fbe008c9fbe0010
:103740008e1f78000005780001047800830578005a
:10375000040678000000eb00c0b79f008080eb00fb
:10376000d1b79f00e0b79f00f2b79f00000820008c
:1037700080bf9f0098007800010078008004eb0073
:10378000010037008904e800304178000204e000bd
:103790000300320053c2b300834f5100f9ff3a00d7
:1037a0000900e00004003200090178000a007800f6
:1037b000c3fe0700188c44001807780050c2b300fd
:1037c0009e4f10003f013a000e07e8000e0c7800f3
:1037d00010003700cfb097000100a0000b003700a9
:1037e000cfb097000110a00008003700cfb09700bd
:1037f0000120a00005003700cfb097000130a000e5
:1038000002003700cfb097000140a000c1b79f0071
:10381000000ce8001800780090407800b2c2b300b5
:1038200082cf5000f1ff320007003c0002c2b3001b
:1038300082cf5000f0ff320032c2b30082cf50007e
:1038400007003a00efff3700d2c2b30082cf50002a
:10385000e0ff320002c3b30082cf5000e0ff32002d
:10386000a2c2b30082cf50000d003a00000ce80065
:103870001c80e900000e780010007800e0b79f007f
:103880000000e0000f003d00cfb097000100a20053
:10389000c1b79f000000ea00e0b79f0009003700b1
:1038a00084010700e0b79f0001003700000ce8002a
:1038b000180078009000fb000103b100e98f500070
:1038c000faff36004fb097000008a3000200320054
:1038d0000010a100c0b79f0018007800e1c2b3003b
:1038e00090cf100016003a008000eb00d1b79f0087
:1038f0000000e800000c7800a1c2b30090cf1000d7
:1039000006003a00000ce8001c80e900000e780078
:1039100010007800d0b79f0009003700650107004c
:10392000d0b79f0001003700000ce80018007800b5
:103930009000fb000103b100e98f5000faff360050
:103940000800780061ff07008046780018007800c2
:103950001000fb005b02070091062000810f500061
:103960003800320012003c0041062000810f500058
:10397000340032000a003c0011062000810f500084
:103980002000320031062000810f5000a0003200dc
:1039900051022000810f5000bc003a00b4003700f3
:1039a00071062000810f5000b8003c0088003700ed
:1039b00001072000810f50005c00320007003c002e
:1039c000e1062000810f50007a003200f10620004d
:1039d000810f5000ad003a00390037005107200038
:1039e000810f50002700320081072000810f500016
:1039f0004200320031072000810f5000a3003a003e
:103a00008f0037008d80fb000c01780000fe2f0036
:103a10000f00400032fe07000000e000a800320066
:103a200018007800000ce8009041780002fe2f009a
:103a30000f014100f88057000a00780021ff0700bd
:103a40000e0037008d80fb008c01780012002000f2
:103a500000fe2f000f00400040fe07000000e000c5
:103a600097003200180ce80002fe2f000f01410001
:103a7000f88057000a0078003cf907008084440071
:103a8000900037008d80fb008c0178000001eb0076
:103a900000fe2f000f00400030fe07000000e00095
:103aa00087003200180ce80002fe2f000f014100d1
:103ab000f88057000a0078000cfd0700efff370080
:103ac0008d80fb008c0178000001eb0000fe2f00d0
:103ad0000f00400021fe07000000e00078003200e7
:103ae000180ce80002fe2f000f014100f88057007b
:103af0000a00780049fc0700e0ff37008d80fb00da
:103b00008c0178000001eb0000fe2f000f00400048
:103b100012fe07000000e000690032001800780083
:103b2000000ce800904178001c0037008c01780000
:103b30000001eb00010f200000fe2f000f004000ed
:103b400006fe07000000e0005d003200180ce800ef
:103b50000fb097009fb097002fb19700bfb19700ab
:103b6000e00f5000e08f5800e00f5900e08f59003f
:103b700009003a00cfb597006fb4970000502100bc
:103b8000ae0107000b027800880178000001780080
:103b9000015021004700370083c7b30002fe2f0009
:103ba0000f014100f88057000a007800f8fc070078
:103bb000b2ff37000b8144008d80fb008c01780040
:103bc00000fe2f000f00400038fe07003c003700c9
:103bd0008d80fb000c01780000fe2f000f004000dc
:103be000bffd07000000e00035003200180078003b
:103bf000000ce8009041780002fe2f000f01410008
:103c0000f88057000a00780033f907009bff37005f
:103c100000c8b30080cf560029003a00180ce80015
:103c20001c80e900000e780010407800e0df9f0063
:103c300013002000e2fd2f000f01410008003700b3
:103c400000c8b30080cf56001d003a00180ce800f1
:103c50001c80e900000e78008001eb001001780064
:103c6000f88057000a00780023fc070083ff370024
:103c700000c8b30080cf560011003a00180ce800cd
:103c80004fb29700efb19700080037000e0c780094
:103c90000000eb00c0b79f00e0b79f000080eb0082
:103ca000d0b79f000002eb008401780012002000d2
:103cb000615021000a00780047fe07006fff3700bf
:103cc000180ce800090078004f0778004f06be0086
:103cd0004f05be004f04be006f01b100000006009a
:103ce0008200fa00889fbe008a1f780000057800d5
:103cf00082047800c13f9f000004eb0010003700f1
:103d00000902780088017800a2f72f000f01410016
:103d100081f72f008f8040000a00780084fe0700a2
:103d200008004000880f500004003d00b00420004f
:103d300010aa88000084eb0004003700000478001b
:103d40004f3897001004e000edff3a0008007800bb
:103d50004f0578004f04be000080fa000000060006
:103d6000889fbe000004be000000eb000800e000d9
:103d700018003200180090000058a3000d00320017
:103d8000d800900068009000808f50000900360035
:103d9000b80990000001eb0082007800080078006c
:103da00003000100d80090000080eb000100e0005b
:103db000080032000000eb00200c9800600498001e
:103dc000500498000900e00002003200180078005a
:103dd00034f507004f04be0000000600889fbe00b7
:103de0000004be000000eb000800e00025003200e7
:103df000180090000058a30011003200d800900075
:103e000068009000808f500009003600b8099000cb
:103e10000001eb0082007800080078000300010038
:103e2000d80090000080eb000100e0001500320097
:103e30000000eb00200c98006004980050049800eb
:103e4000780a900008109000800f520006003100a0
:103e50000002520011002000cfa2de00612bb90049
:103e600018007800650007000000eb0000149800bf
:103e7000700c98000900e000020032001800780081
:103e800008f507004f04be0000000600800078001f
:103e90001000200002022000828f50000400320037
:103ea000e9805000e48f5000010036000000eb0074
:103eb00000000600889fbe008a1f78000005780079
:103ec0000a047800984478000805e8000900fb001f
:103ed000eeff07000000e000f9ff3a00b0c2b300b7
:103ee00080cf540005003200d0c2b3008000eb0048
:103ef00080cf540005003a00020037008000eb003c
:103f000001003700110020000804e8000000eb0069
:103f100003003700ea00b900020050000003b000bf
:103f20003801fb0003fd2f0082814100e98f510021
:103f3000f8ff36000100e00001003a000000ea004e
:103f40004f0578004f04be0000000600889fbe00a9
:103f50008a1f780080047800010578000900780045
:103f6000b6000700000478008a0178000801780094
:103f700011002000090078000a0007008000780086
:103f80000080eb00888f500001003a000000eb0039
:103f90004f0578004f04be000000060010007800b6
:103fa000c9f43700889fbe008a1f7800810478001a
:103fb0000204780089c5b9000900e00001003a0058
:103fc0000004eb000a01780080007800030078000c
:103fd000b9fc0700800078008a8f5000030032008f
:103fe000050009008980d8000004780008007800e6
:103ff0004f0578004f04be0000000600a0fd2f0012
:10400000f1ff2f00a50007004f89de008201780034
:10401000000006008001780002003700b1597800e6
:104020000201e9000200e000fcff3a000000060087
:10403000889fbe008a9fbe00800478000200e000d6
:104040005b00320001407800814c7800828144009e
:10405000f1f99f00e20f510055003600914498009d
:10406000a1449800e1f99f00d1f99f00e60f5100ab
:104070004f003600b1449800c1f99f00e80f51008d
:104080004b0036000905ea00630565000a84440018
:104090000a055100c1ff2f00010565000080fb00eb
:1040a0008000eb0012102000131020000e0107000a
:1040b000008cbe000a01440060b99f0071b99f00e6
:1040c000e80f55003a0036002004980031049800ab
:1040d000400498005104980020b99f0031b99f0016
:1040e00040b99f0051b99f00f80f550030003600cd
:1040f0006004980071049800000c9800110c98005e
:10410000200c9800310c9800400c9800510c98003d
:1041100020b19f0031b19f0040b19f0051b19f007d
:1041200060b19f0071b19f0000b99f0011b99f005d
:104130006401640078014100020444000205550056
:104140006011b8000203be000002be000403be00fe
:104150006022b800000072008180720002017300ca
:104160008381730010003700009cbe000294be00e3
:104170004004980051049800620498007304980069
:10418000000c9800110c9800220c9800330c980039
:10419000400c9800510c9800620c9800730c980029
:1041a0000a02b1000802b000ff0f5500eeff3e000a
:1041b000090078004f05be004f04be000000060055
:1041c0000200fa0081017800e0ff9f009300900058
:1041d0000188a30005003200d300900080587800c9
:1041e0000080fb00d10198000a0037001200200077
:1041f0008f80e900030078002ffc07008000780022
:104200000080eb000100e00002003200eff89700b0
:104210000180fb000080fa0000000600e8ff370084
:10422000881f780000047800080078003700070035
:10423000080078004f047800000006008000780035
:10424000040037003104e00002003a000000510091
:1042500000000600010178000108a300f9ff3a0000
:104260008101780031017800f4ef2f000202420052
:104270000281ea00020162000408280004016100d2
:10428000f7ff320083007800010178003104e0007c
:10429000fdff3a00000051000000060002002f0060
:1042a000f3ff2f00820f5000838f58000400360068
:1042b0000000ea0010aa88000080eb008080eb007c
:1042c00000000600f1fb2f0080804000f98f5000b5
:1042d00001003e000050a00000000600f9ff37007a
:1042e000f1f92f0080804000f98f500001003e005e
:1042f000f005b20000000600f9ff370000000600dc
:1043000016f70700fdff0700fcff370001017800ea
:1043100080017800008268000408a30005003200d4
:104320001300370032407800805978000004e00024
:1043300014003200030278000208a300f9ff3a00db
:10434000030078000100370003187800820078002d
:10435000b2017800f5ef2f00838242000382ea0069
:10436000048262000508280005026200f6ff3200a0
:104370000002780031417800025878000204e00021
:10438000fbff3a00040078000000060000c0da00dd
:10439000000006008f1fd1007c0307008f87e90013
:1043a0000000e00000000600809feb00770307009c
:1043b0008f87e9000000e00000000600810378001c
:1043c000fef307000001be006000b8000478a300ff
:1043d00013003a006220e10015003e000d00390094
:1043e0008301d1000281d3008180d3008301d100f9
:1043f0000281d3008180d3008301d1000281d300e8
:104400008180d3000538b000c42add00f300b2007b
:104410008381720007f0a70003f0a00000000600ef
:1044200083ff2700020020006110b900f9ff370068
:1044300003ff2700f7ff37001400fa00889fbe0033
:104440008a9fbe008c9fbe000004be000205be0015
:10445000680047000a90be000890be00860307006f
:104460000070a7000bf0a100304320009e029000d6
:1044700080825200b0fe2f000028e10011003d00b4
:10448000b0fc2f000028e100150034001e09900048
:104490008e0890007e0090000501b0000201d1005e
:1044a0008180d3000080d3008502e800fbff3a0042
:1044b0000b00e000ab033b0060001000e080180040
:1044c000a8033700f0ff2f00f1ff27000b00e000ea
:1044d000a4033b000100280000002000a1033700d6
:1044e0006000b8009f033700020ab900001bb90042
:1044f0000200b80081004200810043000000060075
:104500008c9fbe008a9fbe00889fbe00ca01070024
:104510000bf0a200040037008c9fbe008a9fbe00f3
:10452000889fbe00c40107000c48e1000b003a0060
:104530000c40e100020032008b0107004000370010
:104540008b066d003e0032000af0a100f30120004e
:10455000f2ff2f006110b900390037000c40e10074
:10456000370032000940e100010036007e010700fb
:104570008a856d00cf5dde000b0575000006eb003f
:104580008804fd0089045400010032007d01070009
:104590000a04e00011003a000800e00028003200a0
:1045a00004004000858048000601490087814900d9
:1045b0000358a300180032008301d1000281d30008
:1045c0008180d3000080d3000c86d3000100390025
:1045d000610676000804e800180037000400500067
:1045e0008580580006015900878159000600310076
:1045f0000af0a2000c06ea0060001800e080180033
:1046000060011900e081190003003a000004eb008a
:104610000005eb000a0037000348a30007003a003a
:104620000c06460000004800818048000201490055
:10463000838149000804e900f7ff3700af01370024
:10464000c90137008c9fbe008a9fbe00889fbe00b4
:10465000790107000b056d000940e1000a003a00ee
:104660000800e000020032000c40e10006003a00c1
:104670000af0a1000c047800f3012000f2ff2f00e3
:104680006110b9009d0037000c40e1009b00320032
:104690000800e000990032000c48e10002003a00f6
:1046a0000004eb00030037000900e00004003a00ba
:1046b0000c0478006000b8006011b8008f0037006b
:1046c0000348a30006003a00000040008180480033
:1046d00002014900838149000804e900f8ff37001e
:1046e0000748a30006003a000402420085824a00ff
:1046f00006034b0087834b008904e900f8ff37006d
:10470000fd3f20008d845400090454008a1f780066
:10471000881f780000047800810478000205780082
:10472000830578006000b8006011b8000d04200017
:10473000050037000804440089844c000a054d0038
:104740008b854d00080031000404540085845c0012
:1047500006055d0087855d008381d2008d06d3004c
:10476000f4ff3b00070037000404440085844c003c
:1047700006054d0087854d008381d2008d06d3004c
:10478000ecff3b000804440089844c000a054d00fe
:104790008b854d00080031000404540085845c00c2
:1047a00006055d0087855d000281d2008d06d3007d
:1047b000f4ff3b00070037000404440085844c00ec
:1047c00006054d0087854d000281d2008d06d3007d
:1047d000ecff3b000804440089844c000a054d00ae
:1047e0008b854d00080031000404540085845c0072
:1047f00006055d0087855d008180d2008d06d300af
:10480000f4ff3b00070037000404440085844c009b
:1048100006054d0087854d008180d2008d06d300ae
:10482000ecff3b000804440089844c000a054d005d
:104830008b854d00080031000404540085845c0021
:1048400006055d0087855d000080d2008d06d300df
:10485000f4ff3b00070037000404440085844c004b
:1048600006054d0087854d000080d2008d06d300df
:10487000ecff3b000b00e00004003d00040444009a
:1048800085844c0006054d0087854d000006eb0031
:104890008301d1000281d3008180d3000080d30046
:1048a0000c86d3008301d1000281d3008180d30024
:1048b0000080d3000c86d300890474008b0575003a
:1048c0008b84740001003200610676004f0478008a
:1048d0004f0578000348a30007003a000c06460085
:1048e000000048008180480002014900838149009e
:1048f0000804e900f7ff3700000137001a0137000c
:104900008c9fbe008a9fbe00889fbe00ca00070021
:104910000b056d008a0578000c40e10008003a00a4
:104920000900e00082003a000af0a1000c047800bf
:10493000f3012000f2ff2f006110b9007c00370066
:104940000c48e10004003a00870007000900e0007d
:1049500077003a00f4ff37000800e00074003200ee
:104960000900e00002003a007f00070070003700f5
:10497000ed3f20008d845400090444008a1f780014
:10498000881f7800871f7800861f7800851f7800b1
:10499000841f7800cb19dd00c515de008b85710002
:1049a0004b11dd00450dde000a057100cb08dd006e
:1049b000c504de00898470004b04dd000440b800ab
:1049c0000546b8008c80400060814e00044eb8005f
:1049d0008c8040000d0149008001eb000318ad0000
:1049e0000456b8000c0141008d8149000002eb0023
:1049f0000420ad000646b8000c0141008d8149003d
:104a000060024a00054eb8000c0141008d8149004a
:104a100060024a000556b8008c8141000d024a0030
:104a20008002eb000528ad000746b8008c814100ec
:104a30000d024a00e0824a00064eb8008c81410017
:104a40000d024a00e0824a004f0678000c5eb80072
:104a50008c8141000d024a00e0824a000656b800ef
:104a60000c0242008d824a000003eb000630ad00cc
:104a7000074eb8000c0242008d824a0060034b00d2
:104a80004f0678000c5eb8000c0242008d824a008e
:104a900060034b000756b8008c8242000d034b00a8
:104aa0008003eb000738ad004f0678000c5eb800bd
:104ab0008c8242000d034b00e0834b004f067800d0
:104ac0000c5eb8000c0343008d834b004f0478004c
:104ad0004f0578000748a3000a003a000000400094
:104ae00081804800020149008381490004024a0094
:104af00085824a0006034b0087834b000804e900c7
:104b0000f4ff370003067800808070008280700018
:104b10000100320061067600870178000601780006
:104b20008500780004007800880478007800370059
:104b30008d0037008c06460002003a000000a600f7
:104b40000000060060004800e08048006001490065
:104b5000e08149000350a600000006008301d10057
:104b60000804e800000006000002fd008102fd00cc
:104b70000203fd008303fd008804fd008a05fd009b
:104b8000000006007048e1001a0039007d03200093
:104b90000d48e1000a0039008105700083067100ac
:104ba0008c8575008d8575000006eb001cd8e7002c
:104bb000610676006000b8006011b80000000600d1
:104bc0007048e1000b0039008c0578000006780081
:104bd0000100780082007800030178008001eb007a
:104be00013d8e70061067600f0845400f4ff3a0021
:104bf000000006006160e1000c48ad00f085140083
:104c00008b06dd000966de000d0676008b0edd00ea
:104c10000900de000d0070008b16dd008908de0043
:104c20008d8070008b1edd000911de000d0171000a
:104c30008919de00000006000d002800fc7f20001e
:104c40000d856100441cde00ef8161000c046400ee
:104c5000010032000340a0008d856300c43cde00eb
:104c6000ef8363008c846400010032000740a000e1
:104c70000c40e10006003a00ef8661008286760073
:104c800081867600808676000100320018003700a9
:104c90000c48e10007003a00ef8663008686760044
:104ca000858676008486760002003200aeff07001b
:104cb0000f0037000348a30005003a00810670008a
:104cc0008286760083867600010032000804e800c0
:104cd0000748a30005003a00850672008686760024
:104ce00087867600010032008904e8000000060093
:104cf000cf047800cf0578001b0037000002780051
:104d00008102780002037800830378008804780029
:104d10000cf0a70087ff0700fd7f20000d40e10099
:104d2000040035000d0478006000b8006011b80080
:104d30000d0037000800e0000b003c000400780084
:104d4000850078000601780087017800e18414006e
:104d50008cff07000cf0a70076ff07000004eb00b3
:104d60000340a7000804e8004444dd006fc561006b
:104d7000880175004f04be004f05be004f06be00ff
:104d800000000600889fbe008a9fbe0030044200db
:104d9000b0844a0030054b0090854b006000b100a4
:104da0000898be000a90be000440e10005c8e1007a
:104db00006d0e10007d8e1000200310068004000a1
:104dc0001008e8004f05be004f04be0000000600ba
:104dd000889fbe008a9fbe003004be002005be0032
:104de0000418540005985c0006185d0007985d00e3
:104df000110020000440e10005c8e10006d0e100f8
:104e000007d8e100010039008000eb001088100095
:104e10004f05be004f04be00000006001200fa005d
:104e2000889fbe008a9fbe008c9fbe00e0b79f0097
:104e3000f1b79f0082bf9f0093bf9f000605be0091
:104e40000404be000000eb00d0b79f00c0b79f0075
:104e5000b0b79f00a0b79f0090b79f0000067800f2
:104e60005fb19700cfb09700820141003fb097003b
:104e70000200e00004003d00370007007e8057007c
:104e8000c0ff070003003700330007007e80570093
:104e9000cfff0700dfb697000d00e0000c003500e3
:104ea0006fb29700ffb297000fbb97009fbb9700b0
:104eb00010002000010020006011b8000002720004
:104ec0008182720002037300838373001b0007005a
:104ed0000c06e80001042000810f5600e0ff3a00b4
:104ee0000d00e00004003d000802be000a03be0001
:104ef0007e805700a3ff07005fa897000000e00036
:104f000005003a001fb29700afb297003fb3970079
:104f1000cfb39700090007006fb09700ffb097006c
:104f20000fb997009fb997004f06be004f05be000e
:104f30004f04be000080fa000000060001000700d8
:104f400000000600a4b79f00b5b79f00c6b79f003a
:104f5000d7b79f00000006004f09de008281710074
:104f6000b3b79f004f01de00818040008280700057
:104f7000a1b79f008fb097004f09de0000004000ee
:104f80000200700090b79f007fa897004f01de00dd
:104f9000818040008280700081b79f000d00070073
:104fa0004f3ade000000400004007000f0af9f00a8
:104fb000080007000402420085824a0006034b00f5
:104fc00087834b00dfff07000802be000a03be0014
:104fd000000006002fb29700bfb297004fb39700b2
:104fe000dfb3970000000600881f7800180020003b
:104ff000881f780089ff07008f87e9004f04780039
:1050000000000600801feb0084ff07008f87e90087
:1050100000000600889fbe008a9fbe00e00f50007f
:10502000e08f5800e00f5900e08f59000c003d0060
:105030006044b8006055b8000000540081805c00f6
:1050400002015d0083815d0018002000150007004b
:1050500008003d00180007000004eb0005003700c1
:105060000004eb000f00070002003d0012000700e3
:1050700018002000dcff07000800e00006003200f6
:105080006022b8006033b8000000520081805a00ee
:1050900002015b0083815b004f05be004f04be0030
:1050a00000000600e00f5200e08f5a00e00f5b00a6
:1050b000e08f5b00000006006044b8006055b80057
:1050c0000402540085825c0006035d0087835d0056
:1050d00000000600889fbe008a9fbe008c1f7800db
:1050e000e00f5000e08f5800e00f5900e08f5900aa
:1050f0000d003d006044b8006055b8000000540049
:1051000081805c0002015d0083815d001c00200045
:105110000820e10009a8e1000ab0e1000bb8e100b5
:105120000d003d00080037000006eb00e00f5200c4
:10513000e08f5a00e00f5b00e08f5b0006003d004f
:105140006044b8006055b8000402540085825c00d9
:1051500006035d0087835d00aaff07000c00e000e6
:10516000060032006022b8006033b8000000520030
:1051700081805a0002015b0083815b004f0678004a
:105180004f05be004f04be0000000600889fbe0011
:105190008a9fbe008c9fbe000404be000605be00b0
:1051a000809fbe00829fbe00210007000406780099
:1051b0000800be000a01be001d000700840678003a
:1051c0004f03be004f02be008d4f76007fb09700a8
:1051d00013003300f0ff2f008b8f6b0006003b00a5
:1051e0000d0666000c00a7000a00370007f0a600b5
:1051f000100020000a003700880f5200898f5a00e3
:105200008a0f5b008b8f5b000300390010002000c9
:1052100001003e000000200007f0a7000000ea00a7
:105220004f06be004f05be004f04be000000060042
:1052300005ff270005826100070032000428e10015
:1052400001003200240005000600070001003a00ba
:10525000440005000408050002000700f9ff3a00b9
:10526000140005006f8261008102700085027100e8
:105270008502720000000600800078005002be0027
:105280005003be004439de00f700b200f37f200077
:1052900003016100090032000218e10016003a0023
:1052a0008501720083017300838173000008200070
:1052b00015003a00400020001300370085017200fd
:1052c000830173008381730005003a0004a8be00c7
:1052d00006a8be00100020000b0037000201e90004
:1052e0000402420085824a0006034b0087834b007c
:1052f0000748a300f9ff32000740a00004a8be0041
:1053000006a8be00200020008000980092009800af
:1053100000000600680447000294be000094be002e
:10532000fc0447008694be008494be000900780007
:10533000d1ff070008007800cfff07009900780030
:10534000814f70000b003b000800be000a00070000
:105350004f00b10003003700f3ff2700f2ff2f00da
:105360006110b9004f06be004f05be004f04be00dd
:105370000080fa0000000600e48240001078a300dc
:1053800007003200640240001178a3003400be0020
:105390001401be00040032000330a7000000060024
:1053a0003500be001501be000330a000000006005d
:1053b0001800fa00889fbe008a9fbe008c1f7800ec
:1053c0000004be000205be000802be000a03be00c3
:1053d000443ade00f07f20000006620020432000f7
:1053e000800f560067003c006022b8006033b800b0
:1053f0000800be00e7fb07000000e000610032008b
:105400000802be000a03be00b4b79f00c5b79f00e4
:10541000d6b79f00e7b79f00e00f5200e08f5a0019
:10542000e00f5b00e08f5b000b003d006022b800e6
:1054300006002000073324000800be000a01be0059
:105440002ffc07006022b80006002000073324006c
:1054500031fc07000a0037006022b8000600200077
:10546000073324000800be000a01be002afc070022
:105470006022b800060020000733240020fc07004b
:105480000802be000a03be001dfc07000002be00a9
:105490000203be00f4b79f0085bf9f0096bf9f0028
:1054a000a7bf9f00e03f2000800f560017003c0080
:1054b0007fb097008fb897001fb99700afb99700da
:1054c000f0af9f0081b79f0092b79f00a3b79f00e6
:1054d0006044b8006055b8003fb29700cfb2970063
:1054e0005fb39700efb39700e00f5200e08f5a00d0
:1054f000e00f5b00e08f5b0022003d006044b800dd
:105500000a0020000bff2b001e0037006022b800ad
:105510006033b8007fb097008fb897001fb997002d
:10552000afb99700a0fb07000000e0000c003400ba
:105530007fb297008fba97001fbb9700afbb970051
:105540000800be000a01be00f3fb07006022b8009d
:105550000600200007ff2300e9fb070007003700d3
:105560007fb297008fba97001fbb9700afbb970021
:105570000800be000a01be00e7fb07000004be00f1
:105580000205be000800be000a01be004f067800fa
:105590004f05be004f04be000080fa000000060068
:020000040000fa
:1055a0005b5300004c410000564500005d200000a8
:1055b0005350000049310000204900006e6900008e
:1055c0007469000061740000656400000d00000053
:1055d0005b5300004c410000564500005d20000078
:1055e0005350000049310000434f00004e3100008d
:1055f0004c62000069740000732e00004d530000df
:10560000544500004e3d0000256400002c200000a1
:105610005350000049310000434f00004e3100005c
:105620004c62000069740000732e000053530000a8
:10563000454e00003d250000642c00002053000072
:10564000504900003153000054410000544c000008
:1056500062690000747300002e530000504900007e
:1056600054420000463d0000256400000d0a000081
:10567000005b0000534c000041560000455d0000f7
:1056800020450000727200006f7200003a20000096
:105690005350000049200000436f00006e6e000070
:1056a00065630000746900006f6e0000206e0000ea
:1056b0006f740000204f0000706500006e650000f0
:1056c000640d0000005b0000534c000041560000d8
:1056d000455d0000205300005049000031200000cb
:1056e0004f700000656e00006564000020760000c9
:1056f00069610000205000004c490000420d00008c
:10570000005b0000534c000041560000455d000066
:105710002053000050490000204300006f6e00003d
:105720006e65000063740000696f00006e20000069
:10573000436c00006f730000656400000d00000002
:105740005b5300004c410000564500002052000011
:10575000585d0000204d00004f440000452000002f
:10576000636f00006d6d0000616e0000642000003a
:1057700072650000636500006976000065640000e2
:105780003a200000257500000d0a0000005b0000b3
:10579000534c0000415600004520000052580000c4
:1057a0005d20000041700000706c00006965000021
:1057b000642000004d4f000044450000203d0000e3
:1057c000204f0000464600000d0000005b53000023
:1057d0004c4100005645000020520000585d00007a
:1057e00020410000707000006c69000065640000da
:1057f000204d00004f440000452000003d200000e7
:105800004f4e00000d0000005b5300004c410000b3
:105810005645000020520000585d00002045000061
:10582000727200006f7200003a200000696e000082
:10583000766100006c690000642000004d4f00009c
:105840004445000020760000616c00007565000092
:1058500020250000750d00000a0000005b530000c9
:105860004c4100005645000020520000585d0000e9
:10587000204d00004f4400004520000070720000e1
:105880006f63000065730000736500006420000012
:105890003f2000007072000065700000617200001f
:1058a000696e000067200000746500006c650000f0
:1058b0006d6500007472000079200000746f0000b4
:1058c00020730000656e0000642000006e6f000011
:1058d000770d0000005b0000534c000041560000b3
:1058e00045200000525800005d2000004652000094
:1058f00045510000206300006f6d00006d610000e5
:105900006e6400002072000065630000656900009d
:1059100076650000643a0000202500006620000043
:10592000487a00000d0a0000005b0000534c0000a4
:105930004156000045200000525800005d20000044
:1059400041700000706c0000696500006420000078
:105950006672000065710000756500006e630000ee
:10596000793a00002025000066200000487a0000f7
:105970000d0a0000005b0000534c0000415600007f
:1059800045200000525800005d20000049670000db
:105990006e6f000072650000642000006f750000eb
:1059a000742d00006f6600002d720000616e000013
:1059b00067650000206600007265000071750000d8
:1059c000656e0000637900003a2000002566000043
:1059d0000d0a0000005b0000534c0000415600001f
:1059e00045200000525800005d2000004652000093
:1059f0004551000020700000726f000063650000d8
:105a00007373000065640000203f000020700000f8
:105a10007265000070610000726900006e6700002e
:105a200020740000656c0000656d00006574000066
:105a300072790000207400006f2000007365000080
:105a40006e640000206e00006f7700000d00000003
:105a50005b5300004c4100005645000020520000fe
:105a6000585d0000205500006e6b00006e6f000056
:105a7000776e000020700000616300006b6500001d
:105a80007420000068650000616400006572000019
:105a9000203000007825000030320000582c000033
:105aa0002062000079740000657300003a00000075
:105ab0002025000030320000580000000d000000da
:105ac0005b5300004c41000056450000205200008e
:105ad000585d000020570000617200006e690000f0
:105ae0006e6700003a20000053500000492000007b
:105af00052580000206200007566000066650000d4
:105b0000722000006f76000065720000666c000075
:105b10006f770000202d0000206300006c650000fe
:105b200061720000696e000067200000627500006d
:105b300066660000657200000d0000005b53000007
:105b40004c4100005645000020540000585d000004
:105b500020520000756e00006e6900006e67000044
:105b600020730000706900005f730000656e000024
:105b700064430000686100006e6e0000656c000008
:105b8000282900000d0000005b5300004c4100007c
:105b90005645000020540000585d000020530000ce
:105ba0005049000020540000582000006275000099
:105bb00066660000657200002070000072650000db
:105bc00070610000726500006420000077690000c9
:105bd0007468000020250000752000006279000034
:105be00074650000730d00000a0000005b530000a4
:105bf0004c4100005645000020540000585d000054
:105c00002042000079740000657300003a00000033
:105c10005465000073740000200d0000000d0000aa
:105c20000a3d00003d3d0000205300005953000094
:105c3000544500004d200000424f00004f5400002a
:105c4000204300004f4d0000504c00004554000020
:105c5000452000003d3d00003d0d000000540000c7
:105c600065730000740000005b4d000041530000ac
:105c70005445000052200000545800005d200000f0
:105c8000536500006e640000696e0000672000002c
:105c9000434d0000443a0000204d00004f440000f6
:105ca000452000003d2000004f4e00000d00000088
:105cb0005b4d00004153000054450000522000009d
:105cc000545800005d200000536500006e64000021
:105cd000696e000067200000434d0000443a000058
:105ce0002046000052450000512000003d200000e9
:105cf00031300000204800007a0d0000005b0000f9
:105d00004d41000053540000455200002054000053
:105d1000585d000020530000656e000064690000bb
:105d20006e670000204300004d4400003a20000050
:105d30004652000045510000203d00002032000086
:105d400030200000487a00000d0000005b4d00008c
:105d500041530000544500005220000054580000f8
:105d60005d200000536500006e640000696e000055
:105d700067200000434d0000443a0000204d000021
:105d80004f440000452000003d2000004f46000029
:105d9000460d000000000000c23b0000e23c000095
:105da00040310000343100004c3100005831000017
:105db00064310000703100008a3000009e31000024
:105dc000cc3100002a32000058320000bc32000002
:105dd0004a330000c6330000083400002e340000af
:105de000543400007a340000a0340000ce340000a7
:105df000fc34000036350000643500000836000031
:105e000050370000ac360000000000000000000029
:105e10000000000000000000000000000000000082
:105e2000643000003e3000003a390000683900005c
:105e300096390000ba380000e03800009c3b0000b2
:105e4000c43900003a3a0000b03a0000263b000096
:105e5000c23d000000000000000000000000000043
:105e60005644000054450000724400000000000049
:105e7000363f00007a3f0000be3f0000f83f0000c0
:105e800000000000524200007c43000096400000e9
:105e900086410000dc3d0000e43d0000ec3d0000d8
:105ea000f43d0000fc3d0000043e00004e3e0000ba
:105eb000de3e0000fc3e0000043f00000c3f0000fe
:105ec000143f0000224400003a44000030af0000bc
:105ed00096510000b6510000cc510000ea5100007c
:105ee00000520000145200003452000056520000cc
:105ef0005e5200000000000000000000665200003a
:105f00008c520000a4520000165300002c530000d5
:105f100048530000aa530000bc52000000000000db
:105f20000000000000000000000000000000000071
:105f3000000000006166000074650000722000002f
:105f40007365000074200000667200006571000037
:105f5000206300006f6d00006d6100006e64000042
:105f6000200000004c65000061760000696e0000b2
:105f70006720000076660000645f0000496e000044
:105f80006974000028290000200d000000000000b6
:105f9000494400004c450000004f00004e00000046
:105fa000494e000049540000004f000046460000e2
:105fb00000520000455600004552000053450000c5
:105fc000005500004e4b00004e4f0000574e0000a1
:105fd000000000006e450000844500009c45000064
:105fe000a44500003246000036490000e6470000a4
:105ff000e04500001c46000006460000ce4a0000b6
:10600000e44a00000f00000021000000ce5a00000a
:10601000e45a0000fc5a0000045b0000305b000002
:106020006c5b0000565b0000825b0000985b000028
:1060300081000000f25d0000065e0000165e0000b8
:10604000225e00002c5e0000de5d0000e85d0000c6
:10605000385e0000565e000000000000536500003e
:106060006e7300006f72000020250000643a00008b
:0c60700020250000750d00000a00000053
:020000040000fa
:10607c000200fa00000f78001e007800e20f5000ba
:10608c0006003200e30f500006003200e10f500012
:10609c0007003a002be3a8000600370061e3a800d4
:1060ac000400370097e3a80000000000010037004f
:1060bc00000000000080fa00000006000200fa0058
:1060cc00000f78001e007800e20f5000060032002e
:1060dc00e30f500006003200e10f500007003a00b9
:1060ec002be3a9000600370061e3a9000400370088
:1060fc0097e3a90000000000010037000000000039
:10610c000080fa00000006000400fa00000f78007e
:10611c00110798001e007800e20f50001c0032009e
:10612c00e30f500032003200e10f500048003a00fb
:10613c001e00900000407800674060000080fb006b
:10614c00670060005219800081ff2f008100610000
:10615c0001007000501988001e009000e20f5000e2
:10616c0006003a0091198000f0fc2f0000806000be
:10617c000040a0009019880036003700911980006b
:10618c00f0fc2f000080600090198800310037006f
:10619c001e00900000407800674060000080fb000b
:1061ac0067006000021b800081ff2f0081006100ee
:1061bc0001007000001b88001e009000e20f5000d0
:1061cc0006003a00411b8000f0fc2f0000806000ac
:1061dc000040a000401b88001e003700411b8000bf
:1061ec00f0fc2f0000806000401b88001900370075
:1061fc001e00900000407800674060000080fb00ab
:10620c0067006000b21c800081ff2f0081006100dc
:10621c0001007000b01c88001e009000e20f5000be
:10622c0006003a00f11c8000f0fc2f00008060009a
:10623c000040a000f01c880006003700f11c800014
:10624c00f0fc2f0000806000f01c8800010037007b
:10625c00000000000080fa00000006000000fa00b8
:10626c002be3a80061e3a80097e3a8000080fa00e4
:10627c00000006000000fa002be3a90061e3a9006e
:10628c0097e3a9000080fa00000006000200fa0063
:10629c00000f78009e007800511888000080fa00ea
:1062ac00000006000200fa00000f78009e00780043
:1062bc00411888000080fa00000006000200fa0075
:1062cc00000f78009e007800311888000080fa00da
:1062dc00000006000400fa00000f78001107980077
:1062ec001e007800e20f500007003200e30f500050
:1062fc0008003200e10f50000a003a009e009000a6
:10630c00911a8800080037009e009000411c8800fc
:10631c00050037009e009000f11d88000000000071
:10632c0001003700000000000080fa0000000600a9
:10633c000400fa00000f7800110798001e00780086
:10634c00e20f500007003200e30f5000080032004b
:10635c00e10f50000a003a009e009000711a88006c
:10636c00080037009e009000211c880005003700b3
:10637c009e009000d11d8800000000000100370035
:10638c00000000000080fa00000006000400fa0083
:10639c00000f7800110798001e007800e20f5000e3
:1063ac000f003200e30f500018003200e10f5000d4
:1063bc0022003a001e00900000407800614060000e
:1063cc000080fb00610060004d00dd006119800061
:1063dc0001d0a1000100700060198800180037007e
:1063ec001e00900000407800614060000080fb00bf
:1063fc00610060004d00dd00111b800001d0a10088
:10640c0001007000101b88000d0037001e0090006a
:10641c0000407800614060000080fb00610060007b
:10642c004d00dd00c11c800001d0a10001007000f6
:10643c00c01c8800000000000100370000000000b4
:10644c000080fa00000006000400fa00000f78003b
:10645c00110798001e007800e20f50000700320070
:10646c00e30f500008003200e10f50000a003a0020
:10647c009e009000611a8800080037009e00900072
:10648c00111c8800050037009e009000c11d88007b
:10649c000000000001003700000000000080fa003e
:1064ac00000006000400fa00000f780011079800a5
:1064bc001e007800e20f500010003200e30f500075
:1064cc001a003200e10f500025003a001e00900027
:1064dc0000407800634060000080fb0063006000b7
:1064ec004a00dd0082198000f13f2f00810061001d
:1064fc0001007000801988001a0037001e009000ff
:10650c0000407800634060000080fb006300600086
:10651c004a00dd00321b8000f13f2f00810061003a
:10652c0001007000301b88000e0037001e00900028
:10653c0000407800634060000080fb006300600056
:10654c004a00dd00e21c8000f13f2f008100610059
:10655c0001007000e01c8800000000000100370002
:10656c00000000000080fa00000006000400fa00a1
:10657c00000f7800214798001e007800e20f5000b1
:10658c0017003200e30f500028003200e10f5000da
:10659c003a003a0080198000ba800a00000000001e
:1065ac00e14060002e4090000080fb0000004000a5
:1065bc000040780000c07000634060000080fb0069
:1065cc00630060004a00dd0082198000f13f2f005b
:1065dc0081006100010070008019880028003700dc
:1065ec00301b8000ba800a0000000000e14060000f
:1065fc002e4090000080fb0000004000004078001e
:10660c0000c07000634060000080fb00630060000d
:10661c004a00dd00321b8000f13f2f008100610039
:10662c0001007000301b880015003700e01c800052
:10663c00ba800a0000000000e14060002e4090008b
:10664c000080fb00000040000040780000c070009b
:10665c00634060000080fb00630060004a00dd00c6
:10666c00e21c8000f13f2f008100610001007000ee
:10667c00e01c880000000000010037000000000052
:10668c000080fa00000006000400fa00000f7800f9
:10669c00214798001e007800e20f500014003200d1
:1066ac00e30f500022003200e10f500031003a009d
:1066bc0080198000ba800a0000000000e2406000ef
:1066cc002e40900000c07000634060000080fb0012
:1066dc00630060004a00dd0082198000f13f2f004a
:1066ec0081006100010070008019880022003700d1
:1066fc00301b8000ba800a0000000000e2406000fd
:10670c002e40900000c07000634060000080fb00d1
:10671c00630060004a00dd00321b8000f13f2f0057
:10672c008100610001007000301b880012003700ee
:10673c00e01c8000ba800a0000000000e24060000b
:10674c002e40900000c07000634060000080fb0091
:10675c00630060004a00dd00e21c8000f13f2f0066
:10676c008100610001007000e01c88000000000046
:10677c0001003700000000000080fa000000060055
:10678c000400fa00100798000000eb00000f7800de
:10679c001e009000e20f50000a003200e30f500080
:1067ac000e003200e10f500012003a0080198000f8
:1067bc00ba800a00000000000080fb00000f780087
:1067cc000d003700301b8000ba800a00000000006a
:1067dc000080fb00000f780007003700e01c8000f1
:1067ec00ba800a00000000000080fb00000f780057
:1067fc0001003700000000001e0078000080fa0045
:10680c00000006000200fa00000f78001e0078005d
:10681c00e20f500006003200e30f50000600320079
:10682c00e10f500007003a0031a3a8000600370022
:10683c0067a3a800040037009da3a8000000000077
:10684c0001003700000000000080fa000000060084
:10685c000200fa00000f78001e007800e20f5000d2
:10686c0006003200e30f500006003200e10f50002a
:10687c0007003a003183a800060037006783a800a0
:10688c00040037009d83a8000000000001003700c1
:10689c00000000000080fa00000006000200fa0070
:1068ac00000f78001e007800e20f50000600320046
:1068bc00e30f500006003200e10f500007003a00d1
:1068cc0031a3a9000600370067a3a9000400370014
:1068dc009da3a9000000000001003700000000008b
:1068ec000080fa00000006000200fa00000f780099
:1068fc001e007800e20f500006003200e30f50003b
:10690c0006003200e10f500007003a003183a90065
:10691c00060037006783a900040037009d83a90097
:10692c000000000001003700000000000080fa00a9
:10693c00000006000400fa00000f78001107980010
:10694c001e007800e20f500007003200e30f5000e9
:10695c0008003200e10f50000a003a009e0090003f
:10696c00d11a8800080037009e009000811c880016
:10697c00050037009e009000311e880000000000ca
:10698c0001003700000000000080fa000000060043
:10699c000400fa00000f7800110798001e00780020
:1069ac00e20f500007003200e30f500008003200e5
:1069bc00e10f50000a003a009e009000e11a880096
:1069cc00080037009e009000911c880005003700dd
:1069dc009e009000411e880000000000010037005e
:1069ec00000000000080fa00000006000400fa001d
:1069fc00000f7800110798001e007800e20f50007d
:106a0c0009003200e30f50000c003200e10f50007f
:106a1c0010003a009e009000d11a88009e00900051
:106a2c00e11a88000c0037009e009000811c880041
:106a3c009e009000911c8800070037009e0090007b
:106a4c00311e88009e009000411e8800000000004e
:106a5c0001003700000000000080fa000000060072
:106a6c000400fa00000f7800110798001e0078004f
:106a7c00e20f500007003200e30f50000800320014
:106a8c00e10f50000a003a009e009000a11a880005
:106a9c00080037009e009000511c8800050037004c
:106aac009e009000011e88000000000001003700cd
:106abc00000000000080fa00000006000400fa004c
:106acc00000f7800110798001e007800e20f5000ac
:106adc001b003200e30f500030003200e10f500079
:106aec0045003a001e009000e20f50000c003200ee
:106afc00e20f500003003e00e10f50000600320090
:106b0c000d003700e30f500007003200e40f500077
:106b1c00070032000800370037e3a80007003700f1
:106b2c0037c3a8000500370037a3a80003003700bf
:106b3c003783a80001003700000000002f00370049
:106b4c001e009000e20f50000c003200e20f5000cb
:106b5c0003003e00e10f5000060032000d0037002c
:106b6c00e30f500007003200e40f50000700320022
:106b7c00080037006de3a800070037006dc3a800bc
:106b8c00050037006da3a800030037006d83a80033
:106b9c000100370000000000180037001e009000b4
:106bac00e20f50000c003200e20f500003003e00d8
:106bbc00e10f5000060032000d003700e30f5000cb
:106bcc0007003200e40f50000700320008003700c5
:106bdc00a3e3a80006003700a3c3a80004003700f5
:106bec00a3a3a80002003700a383a80000000000a4
:106bfc000000000001003700000000000080fa00d7
:106c0c00000006000400fa00000f7800110798003d
:106c1c001e007800e20f50001b003200e30f500002
:106c2c0030003200e10f500045003a001e00900089
:106c3c00e20f50000c003200e20f500003003e0047
:106c4c00e10f5000060032000d003700e30f50003a
:106c5c0007003200e40f5000070032000800370034
:106c6c0037e3a9000700370037c3a9000500370038
:106c7c0037a3a900030037003783a90001003700b0
:106c8c00000000002f0037001e009000e20f5000a3
:106c9c000c003200e20f500003003e00e10f5000e8
:106cac00060032000d003700e30f500007003200e1
:106cbc00e40f500007003200080037006de3a90014
:106ccc00070037006dc3a900050037006da3a900ac
:106cdc00030037006d83a90001003700000000009d
:106cec00180037001e009000e20f50000c0032001c
:106cfc00e20f500003003e00e10f5000060032008e
:106d0c000d003700e30f500007003200e40f500075
:106d1c000700320008003700a3e3a9000600370083
:106d2c00a3c3a90004003700a3a3a90002003700e5
:106d3c00a383a90000000000000000000100370040
:106d4c00000000000080fa00000006000400fa00b9
:106d5c00000f7800110798001e007800e20f500019
:106d6c001b003200e30f500030003200e10f5000e6
:106d7c0045003a001e009000e20f50000c0032005b
:106d8c00e20f500003003e00e10f500006003200fd
:106d9c000d003700e30f500007003200e40f5000e5
:106dac0007003200080037002fc3a9000700370086
:106dbc002fa3a900050037002f83a900030037007b
:106dcc002fe3a90001003700000000002f0037005e
:106ddc001e009000e20f50000c003200e20f500039
:106dec0003003e00e10f5000060032000d0037009a
:106dfc00e30f500007003200e40f50000700320090
:106e0c000800370065c3a9000700370065a3a90077
:106e1c00050037006583a9000300370065e3a9006e
:106e2c000100370000000000180037001e00900021
:106e3c00e20f50000c003200e20f500003003e0045
:106e4c00e10f5000060032000d003700e30f500038
:106e5c0007003200e40f5000070032000800370032
:106e6c009bc3a900060037009ba3a90004003700b0
:106e7c009b83a900020037009be3a90000000000df
:106e8c000000000001003700000000000080fa0044
:106e9c00000006000600fa00100798002107980071
:106eac000040eb00004f78001e009000e20f5000f5
:106ebc003b003200e30f500070003200e10f500035
:106ecc00a5003a002e009000e20f50001400320092
:106edc00e20f500003003e00e10f500006003200ac
:106eec002d003700e30f500017003200e40f500064
:106efc001f0032002800370070198000ee800a0055
:106f0c00000000000080fb0000f0a7000000ea0079
:106f1c000000ea004f00de00004f78001f00370031
:106f2c0070198000dd800a00000000000080fb006a
:106f3c0000f0a7000000ea000000ea004f00de00ad
:106f4c00004f78001500370070198000cc800a00c3
:106f5c00000000000080fb0000f0a7000000ea0029
:106f6c000000ea004f00de00004f78000b003700f5
:106f7c0070198000ff800a00000000000080fb00f8
:106f8c0000f0a7000000ea000000ea004f00de005d
:106f9c00004f780001003700000000006f00370040
:106fac002e009000e20f500014003200e20f50004f
:106fbc0003003e00e10f5000060032002d003700a8
:106fcc00e30f500017003200e40f50001f00320096
:106fdc0028003700201b8000ee800a000000000013
:106fec000080fb0000f0a7000000ea000000ea00af
:106ffc004f00de00004f78001f003700201b800080
:10700c00dd800a00000000000080fb0000f0a700fb
:10701c000000ea000000ea004f00de00004f78009c
:10702c0015003700201b8000cc800a0000000000f7
:10703c000080fb0000f0a7000000ea000000ea005e
:10704c004f00de00004f78000b003700201b800043
:10705c00ff800a00000000000080fb0000f0a70089
:10706c000000ea000000ea004f00de00004f78004c
:10707c000100370000000000380037002e0090009f
:10708c00e20f500014003200e20f500003003e00eb
:10709c00e10f5000060032002d003700e30f5000c6
:1070ac0017003200e40f50001f0032002800370098
:1070bc00d01c8000ee800a00000000000080fb0065
:1070cc0000f0a7000000ea000000ea004f00de001c
:1070dc00004f78001f003700d01c8000dd800a00b4
:1070ec00000000000080fb0000f0a7000000ea0098
:1070fc000000ea004f00de00004f7800150037005a
:10710c00d01c8000cc800a00000000000080fb0036
:10711c0000f0a7000000ea000000ea004f00de00cb
:10712c00004f78000b003700d01c8000ff800a0055
:10713c00000000000080fb0000f0a7000000ea0047
:10714c000000ea004f00de00004f7800010037001d
:10715c000000000001003700000000001e40780015
:10716c000080fa00000006000200fa00000f780010
:10717c001e007800e20f500006003200e30f5000b2
:10718c0006003200e10f500007003a002e63a80001
:10719c00060037006463a800040037009a63a80057
:1071ac000000000001003700000000000080fa0021
:1071bc00000006000400fa00100798000040eb00e5
:1071cc00004f78001e009000e20f50000e003200bd
:1071dc00e30f500016003200e10f50001e003a0081
:1071ec007019800044800a00000000000080fb0041
:1071fc0000f0a7000000ea000000ea004f00de00eb
:10720c00004f780015003700201b800044800a00d6
:10721c00000000000080fb0000f0a7000000ea0066
:10722c000000ea004f00de00004f78000b00370032
:10723c00d01c800044800a00000000000080fb008d
:10724c0000f0a7000000ea000000ea004f00de009a
:10725c00004f780001003700000000001e4078004d
:10726c000080fa00000006000400fa00000f78000d
:10727c00110798001e007800e20f50000700320042
:10728c00e30f500008003200e10f50000a003a00f2
:10729c009e009000a11a8800080037009e00900004
:1072ac00511c8800050037009e009000011e8800cc
:1072bc000000000001003700000000000080fa0010
:1072cc00000006000400fa00000f78001107980077
:1072dc001e007800e20f500007003200e30f500050
:1072ec0008003200e10f50000a003a009e009000a6
:1072fc00b11a8800080037009e009000611c8800bd
:10730c00050037009e009000111e88000000000050
:10731c0001003700000000000080fa0000000600a9
:10732c000400fa00000f7800110798001e00780086
:10733c00e20f500007003200e30f5000080032004b
:10734c00e10f50000a003a009e009000c11a88001c
:10735c00080037009e009000711c88000500370063
:10736c009e009000211e88000000000001003700e4
:10737c00000000000080fa00000006000400fa0083
:10738c00000f7800110798001e007800e20f5000e3
:10739c0013003200e30f500020003200e10f5000c8
:1073ac002e003a001e009000e20f50000700320041
:1073bc00e30f500007003200e10f500001003200d3
:1073cc00060037003503a800040037003523a80059
:1073dc00020037003543a8000000000020003700f1
:1073ec001e009000e20f500007003200e30f500027
:1073fc0007003200e10f5000010032000600370098
:10740c006b03a800040037006b23a80002003700b0
:10741c006b43a80000000000110037001e00900014
:10742c00e20f500006003200e30f5000060032005d
:10743c00e10f500006003a00a103a8000500370038
:10744c00a123a80003003700a143a80001003700c6
:10745c0000000000000000000100370000000000e8
:10746c000080fa00000006000400fa00000f78000b
:10747c00110798001e007800e20f50001300320034
:10748c00e30f500020003200e10f50002e003a00b4
:10749c001e009000e20f500007003200e30f500076
:1074ac0007003200e10f50000100320006003700e7
:1074bc003503a900040037003523a900020037006a
:1074cc003543a90000000000200037001e0090008a
:1074dc00e20f500007003200e30f500007003200ab
:1074ec00e10f500001003200060037006b03a900c9
:1074fc00040037006b23a900020037006b43a9007e
:10750c0000000000110037001e009000e20f500038
:10751c0006003200e30f500006003200e10f50006d
:10752c0006003a00a103a90005003700a123a90019
:10753c0003003700a143a900010037000000000040
:10754c000000000001003700000000000080fa007d
:10755c00000006000400fa00000f780011079800e4
:10756c001e007800e20f500013003200e30f5000b1
:10757c0020003200e10f50002e003a001e00900057
:10758c00e20f500007003200e30f500007003200fa
:10759c00e10f5000010032000600370036a3a800ae
:1075ac000400370036c3a8000200370036e3a800f9
:1075bc0000000000200037001e009000e20f500079
:1075cc0007003200e30f500007003200e10f5000bb
:1075dc0001003200060037006ca3a800040037003d
:1075ec006cc3a800020037006ce3a8000000000088
:1075fc00110037001e009000e20f50000600320010
:10760c00e30f500006003200e10f500006003a0074
:10761c00a2a3a80005003700a2c3a80003003700ee
:10762c00a2e3a800010037000000000000000000e9
:10763c0001003700000000000080fa000000060086
:10764c000400fa00000f7800110798001e00780063
:10765c00e20f500013003200e30f50002000320004
:10766c00e10f50002e003a001e009000e20f500077
:10767c0007003200e30f500007003200e10f50000a
:10768c00010032000600370036a3a90004003700c1
:10769c0036c3a9000200370036e3a9000000000041
:1076ac00200037001e009000e20f5000070032004f
:1076bc00e30f500007003200e10f500001003200d0
:1076cc00060037006ca3a900040037006cc3a900a6
:1076dc00020037006ce3a900000000001100370025
:1076ec001e009000e20f500006003200e30f500025
:1076fc0006003200e10f500006003a00a2a3a900d8
:10770c0005003700a2c3a90003003700a2e3a900bb
:10771c0001003700000000000000000001003700ed
:10772c00000000000080fa00000006000200fa00d1
:10773c00000f78001e007800e20f500006003200a7
:10774c00e30f500006003200e10f500007003a0032
:10775c0038e3a800060037006ee3a80004003700e9
:10776c00a4e3a800000000000100370000000000a6
:10777c000080fa00000006000000fa00c0002000a3
:10778c0050198800c0002000001b8800c000200099
:10779c00b01c88005e23ef003e23ef003c23ef007b
:1077ac000010200060198800800c2000701a8800de
:1077bc005023ef0000322000e01a88001000200057
:1077cc00d01a88003623ef0080002000a019880012
:1077dc004223ef004023ef003a23ef003823ef0061
:1077ec00c00020009019880000202000801988001b
:1077fc004a23ef004823ef00f0182000901a88006d
:10780c004c23ef004623ef004423ef002e23ef0020
:10781c005423ef005623ef005823ef009423ef007e
:10782c007423ef007223ef0010102000101b88004f
:10783c0000192000201c88008623ef001000200077
:10784c00901c880010002000801c88006c23ef0026
:10785c0080002000501b88007823ef007623ef0077
:10786c007023ef006e23ef00c0002000401b880047
:10787c0000202000301b88008023ef007e23ef00c7
:10788c00f0182000401c88008223ef007c23ef00be
:10789c007a23ef006423ef008a23ef008c23ef00a0
:1078ac008e23ef00ca23ef00aa23ef00a823ef00da
:1078bc0010102000c01c8800ba23ef00bc23ef007e
:1078cc0010002000401e880010002000301e880090
:1078dc00a223ef0080002000001d8800ae23ef00e3
:1078ec00ac23ef00a623ef00a423ef00c000200080
:1078fc00f01c880000202000e01c8800b623ef005c
:10790c00b423ef00f0182000f01d8800b823ef001e
:10791c00b223ef00b023ef009a23ef00c023ef0057
:10792c00c223ef00c423ef001023ef000e23ef005f
:10793c000223ef000423ef000c23ef001223ef00cf
:10794c001423ef001623ef001823ef001a23ef0087
:10795c001c23ef000019200040188800f0182000ac
:10796c00501888000623ef000023ef001e23ef00c1
:10797c002023ef002223ef002423ef002623ef0027
:10798c002823ef0040dd23007b0007000868a900d6
:10799c002868a8000888a9002888a80008a8a900b9
:1079ac0028a8a8002be3a80061e3a80097e3a8008f
:1079bc000080fa00000006000000fa002dfa070013
:1079cc000868a9002868a9000888a9002888a900c7
:1079dc0008a8a90028a8a9002a23ef006023ef001b
:1079ec009623ef005e23ef003e23ef003c23ef00d5
:1079fc002c23ef004e23ef005023ef005c23ef000d
:107a0c005a23ef003623ef003423ef004223ef001c
:107a1c004023ef003a23ef003823ef003223ef002e
:107a2c003023ef004a23ef004823ef005223ef00ee
:107a3c004c23ef004623ef004423ef002e23ef00ee
:107a4c005423ef005623ef005823ef009423ef004c
:107a5c007423ef007223ef006223ef008423ef0006
:107a6c008623ef009223ef009023ef006c23ef00ae
:107a7c006a23ef007823ef007623ef007023ef00ea
:107a8c006e23ef006823ef006623ef008023ef00e6
:107a9c007e23ef008823ef008223ef007c23ef008e
:107aac007a23ef006423ef008a23ef008c23ef008e
:107abc008e23ef00ca23ef00aa23ef00a823ef00c8
:107acc009823ef00ba23ef00bc23ef00c823ef008c
:107adc00c623ef00a223ef00a023ef00ae23ef009c
:107aec00ac23ef00a623ef00a423ef009e23ef00ae
:107afc009c23ef00b623ef00b423ef00be23ef006e
:107b0c00b823ef00b223ef00b023ef009a23ef006d
:107b1c00c023ef00c223ef00c423ef001023ef00bb
:107b2c000e23ef000223ef000423ef000c23ef00e1
:107b3c001223ef001423ef001623ef001823ef009d
:107b4c001a23ef001c23ef000823ef000a23ef0099
:107b5c000623ef000023ef001e23ef002023ef008d
:107b6c002223ef002423ef002623ef002823ef002d
:107b7c000080fa00000006000200fa00000f7800f6
:107b8c001e0078000000e000020032009e00780029
:107b9c00818188000080fa00000006000200fa00d3
:107bac00000f78000080fa00000006000000fa00c8
:107bbc0001eba8000080fa00000006000000fa00ab
:107bcc0001eba9000080fa00000006000000fa009a
:107bdc0008cba8000080fa00000006000000fa00a4
:107bec0008cba9000080fa00000006000200fa0091
:107bfc00000f78000080fa00000006000400fa0074
:107c0c00100798000000eb00000f78001e00900099
:107c1c00e20f500012003200e20f500005003e004f
:107c2c000000e00008003200e10f500009003200b3
:107c3c0014003700e30f50000c003200e40f50002a
:107c4c000d0032000f003700d1608000010f78006a
:107c5c000c003700e1608000010f7800090037004c
:107c6c0031618000010f780006003700416180000f
:107c7c00010f78000300370051618000010f78007c
:107c8c00000000001e0078000080fa0000000600d2
:107c9c000400fa00100798000040eb00004f780039
:107cac001e009000e20f500020003200e20f500046
:107cbc0005003e000000e00008003200e10f50001b
:107ccc001000320037003700e30f50002100320063
:107cdc00e40f500029003200320037008059800038
:107cec0077800a00000000000080fb0000f0a70075
:107cfc000000ea000000ea004f00de00004f7800b0
:107d0c00280037008059800088800a00000000009d
:107d1c000080fb0000f0a7000000ea000000ea0071
:107d2c004f00de00004f78001e00370080598000a5
:107d3c00dd800a00000000000080fb0000f0a700be
:107d4c000000ea000000ea004f00de00004f78005f
:107d5c001400370080598000ee800a0000000000fb
:107d6c000080fb0000f0a7000000ea000000ea0021
:107d7c004f00de00004f78000a0037008059800069
:107d8c00ff800a00000000000080fb0000f0a7004c
:107d9c000000ea000000ea004f00de00004f78000f
:107dac00000000001e4078000080fa000000060071
:107dbc000200fa00000f78001e00780000407800e6
:107dcc00634060000080fb00630060004500dd0044
:107ddc0012588000f1f92f00810061000100700041
:107dec00105888000080fa00000006000000fa001d
:107dfc002b48a8000080fa00000006000000fa00e2
:107e0c002b48a9000080fa00000006000000fa00d0
:107e1c000b48a9000080fa00000006000200fa00de
:107e2c00000f78001e00780000407800674060006a
:107e3c0067406000674060000080fb0067006000e6
:107e4c004800dd0062438000f18f2f00810061004b
:107e5c0001007000604388000080fa0000000600fa
:107e6c000200fa00000f78001e007800e20f5000ac
:107e7c0012003200e20f500005003e000000e0004e
:107e8c0008003200e10f50000900320014003700e6
:107e9c00e30f50000c003200e40f50000d003200d4
:107eac000f0037002c48a80020eba8000c0037006e
:107ebc002c68a800210ba800090037002d08a80089
:107ecc0021aba800060037002d28a80021cba80064
:107edc00030037002d48a80021eba800000000008b
:107eec000080fa00000006000200fa00000f780083
:107efc001e007800e20f500012003200e20f50001a
:107f0c0005003e000000e00008003200e10f5000c8
:107f1c000900320014003700e30f50000c0032004f
:107f2c00e40f50000d0032000f0037002c48a90060
:107f3c0020eba9000c0037002c68a900210ba9002c
:107f4c00090037002d08a90021aba9000600370055
:107f5c002d28a90021cba900030037002d48a9002a
:107f6c0021eba900000000000080fa0000000600d0
:107f7c000200fa00000f78001e007800e20f50009b
:107f8c0010003200e20f500005003e000000e0003f
:107f9c0008003200e10f5000080032000f003700db
:107fac00e30f500009003200e40f500009003200ca
:107fbc000a0037000c48a900080037000c68a9001b
:107fcc00060037000d08a900040037000d28a90091
:107fdc00020037000d48a900000000000080fa00e4
:107fec00000006000400fa00000f7800110798004a
:107ffc001e007800e20f500024003200e20f500007
:10800c0005003e000000e00008003200e10f5000c7
:10801c001200320040003700e30f500026003200ff
:10802c00e40f5000300032003b0037001e0090007f
:10803c0000407800674060000080fb006700600033
:10804c004800dd0082438000f18f2f008100610029
:10805c0001007000804388002f0037001e00900044
:10806c0000407800674060000080fb006700600003
:10807c004c00dd0082438000f1ff2800810061008c
:10808c000100700080438800230037001e00900020
:10809c0000407800674060000080fb0067006000d3
:1080ac00a243800081ff2f0081006100010070005d
:1080bc00a0438800180037001e0090000040780094
:1080cc00674060000080fb00670060004400dd003a
:1080dc00a2438000f1f82f008100610001007000c4
:1080ec00a04388000c0037001e0090000040780070
:1080fc00674060000080fb00670060004800dd0006
:10810c00a2438000f18f2f008100610001007000fc
:10811c00a0438800000000000080fa000000060068
:10812c000000fa00002bef00000620001058880019
:10813c00042bef00062bef00082bef000a2bef00af
:10814c000c2bef000e2bef00102bef00122bef007f
:10815c00142bef00162bef00202bef00222bef003f
:10816c00302bef00322bef00382bef00402bef00c1
:10817c00482bef00502bef003a2bef00422bef0077
:10818c004a2bef00522bef003c2bef00442bef005f
:10819c004c2bef00542bef003e2bef00462bef0047
:1081ac004e2bef00562bef00682bef006c2bef00e3
:1081bc00702bef00742bef0000402000505b880008
:1081cc0000402000705b880000402000905b88001d
:1081dc0000402000b05b8800a02bef00a42bef0028
:1081ec00a82bef00ac2bef00d02bef00d22bef0025
:1081fc00d42bef00d82bef0000302000b05e8800ad
:10820c0000302000d05e8800f02bef00f22bef0046
:10821c00f82bef00fa2bef00022cef000c2cef00e8
:10822c000e2cef00102cef00122cef00142cef0092
:10823c00162cef00182cef001a2cef001c2cef0062
:10824c001e2cef00202cef00222cef00242cef0032
:10825c00262cef00282cef002a2cef002c2cef0002
:10826c002e2cef00302cef00322cef00342cef00d2
:10827c00362cef00382cef003a2cef003c2cef00a2
:10828c003e2cef00404324006b0107008046240085
:10829c008301070060562400000207001160800073
:1082ac0000f02000010070001060880001eba800b5
:1082bc0079000700802bef00822bef00842bef005e
:1082cc0000102000305c880010002000405c88000a
:1082dc008a2bef0000102000605c8800101020003a
:1082ec00705c8800902bef00922bef00942bef002a
:1082fc00962bef00982bef000080fa000000060090
:10830c000000fa0001eba900002bef000006200092
:10831c0010588800042bef00062bef00082bef0001
:10832c000a2bef000c2bef000e2bef00102bef00a5
:10833c00122bef00142bef00162bef00202bef006d
:10834c00222bef00302bef00322bef00382bef00fd
:10835c00402bef00482bef00502bef003a2bef0097
:10836c00422bef004a2bef00522bef003c2bef007f
:10837c00442bef004c2bef00542bef003e2bef0067
:10838c00462bef004e2bef00562bef00682bef0027
:10839c006c2bef00702bef00742bef006a2bef00af
:1083ac006e2bef00722bef00762bef00802bef0083
:1083bc00822bef00842bef00862bef00882bef0035
:1083cc008a2bef008c2bef008e2bef00902bef0005
:1083dc00922bef00942bef00962bef00982bef00d5
:1083ec00a02bef00a42bef00a82bef00ac2bef0081
:1083fc00d02bef00d22bef00d42bef00d82bef00bb
:10840c0000302000b05e880000302000d05e880074
:10841c00f02bef00f22bef00f82bef00fa2bef0014
:10842c00002cef00022cef000c2cef000e2cef00b8
:10843c00102cef00122cef00142cef00162cef0078
:10844c00182cef001a2cef001c2cef001e2cef0048
:10845c00202cef00222cef00242cef00262cef0018
:10846c00282cef002a2cef002c2cef002e2cef00e8
:10847c00302cef00322cef00342cef00362cef00b8
:10848c00382cef003a2cef003c2cef003e2cef0088
:10849c000080fa00000006000000fa0000eca800c2
:1084ac0000000000016080000000280000806000d7
:1084bc000000e000fbff32000aeba8000080fa008d
:1084cc00000006000600fa0010079800210798002b
:1084dc000000eb00000f78001e009000e30f50002e
:1084ec0034003200e30f500005003e00e10f500055
:1084fc0018003200e10f500022003e000900370046
:10850c00e50f500043003200e50f500035003900f4
:10851c00e60f50004b003200e70f500055003200c0
:10852c006f0037002e009000e10f500003003a005e
:10853c0020012000000f7800690037002e00900009
:10854c00e20f500057003a0030012000000f780075
:10855c00630037002e009000e10f500003003a003a
:10856c0000012000000f78005d0037002e00900005
:10857c00e20f50004d003a0010012000000f78006f
:10858c00570037002e009000e10f500003003a0016
:10859c00e0002000000f7800510037002e00900002
:1085ac00e20f500043003a00f0002000000f78006a
:1085bc004b0037002e009000e10f500003003a00f2
:1085cc00c0002000000f7800450037002e009000fe
:1085dc00e20f500039003a00d0002000000f780064
:1085ec003f0037002e009000e10f500003003a00ce
:1085fc00a0002000000f7800390037002e009000fa
:10860c00e20f50002f003a00b0002000000f78005d
:10861c00330037002e009000e10f500003003a00a9
:10862c0080002000000f78002d0037002e009000f5
:10863c00e20f500025003a0090002000000f780057
:10864c00270037002e009000e10f500003003a0085
:10865c0060002000000f7800210037002e009000f1
:10866c00e20f50001b003a0070002000000f780051
:10867c001b0037002e009000e10f500003003a0061
:10868c0040002000000f7800150037002e009000ed
:10869c00e20f500011003a0050002000000f78004b
:1086ac000f003700000000000d0037000000000034
:1086bc000b0037000000000009003700000000002c
:1086cc000700370000000000050037000000000024
:1086dc00030037000000000001003700000000001c
:1086ec001e0078000080fa00000006000800fa0066
:1086fc00100798002107980032079800be009000e0
:10870c002e0090006fff0700000f78001e009000f5
:10871c00e20f500023003200e20f500005003e0033
:10872c000000e00008003200e10f5000120032009f
:10873c003f003700e30f500026003200e40f5000da
:10874c002f0032003a0037001e00780000407800fd
:10875c007f4060000080fb007f0060004800dd006f
:10876c00325c8000f10f2e0081006100010070006e
:10877c00305c88002e0037001e0078000040780026
:10878c007f4060000080fb007f006000425c800046
:10879c0001fe2f008100610001007000405c880028
:1087ac00230037001e007800004078007f406000f6
:1087bc000080fb007f0060004800dd00625c8000f0
:1087cc00f10f2e008100610001007000605c8800d8
:1087dc00170037001e007800004078007f406000d2
:1087ec000080fb007f006000725c800001fe2f00a7
:1087fc008100610001007000705c88000c00370083
:10880c001e007800004078007f4060000080fb0074
:10881c007f0060004800dd00725c8000f10f2e00cc
:10882c008100610001007000705c88000000000095
:10883c000080fa00000006000200fa00000f780029
:10884c001e0078000000e000020032009e0078005c
:10885c00b18088000080fa00000006000000fa00d9
:10886c000080fa00000006000000fa005140800071
:10887c0000402000008060000000e0000600320094
:10888c00b08080000000e00002003200b080800068
:10889c00000001000b48a9000080fa00000006004f
:1088ac000200fa00000f78001e0078000000e000c3
:1088bc00020032009e007800c18088000080fa001f
:1088cc00000006000400fa00000f78001107980061
:1088dc000080fa00000006000400fa00100798005f
:1088ec001e009000e20f50002a003200e20f5000f0
:1088fc0005003e000000e00008003200e10f5000cf
:10890c001500320063003700e30f500030003200d6
:10891c00e40f50003d0032005e00370081598000aa
:10892c0000082000008060000000e00046003200db
:10893c00d1608000010f7800c08080000000e00052
:10894c0043003200c28080009e0078001e00900020
:10895c00020001004f0037008159800000102000f8
:10896c00008060000000e0003b003200e16080000d
:10897c00010f7800c08080000000e0003800320059
:10898c00c28080009e0078001e0090000200010052
:10899c0040003700815980000000220000806000f8
:1089ac000000e0003000320031618000010f7800df
:1089bc00c08080000000e0002d003200c2808000ea
:1089cc009e0078001e00900002000100310037006c
:1089dc008159800000002400008060000000e0004d
:1089ec002500320041618000010f7800c0808000ba
:1089fc000000e00022003200c28080009e0078005f
:108a0c001e009000020001002200370081598000f6
:108a1c0000002800008060000000e0001a00320016
:108a2c0051618000010f7800c08080000000e000e0
:108a3c0017003200c28080009e0078001e0090005b
:108a4c000200010013003700000000001100370085
:108a5c00000000000f003700000000000d00370080
:108a6c00000000000b003700000000000900370078
:108a7c000000000007003700000000000500370070
:108a8c000000000003003700000000000100370068
:108a9c00000000000080fa00000006000200fa004e
:108aac00000f78001e0078000000e0000200320089
:108abc009e007800d18088000080fa00000006003b
:108acc000200fa00000f78000080fa000000060097
:108adc000000fa00d822ef00ca22ef00cc22ef00ef
:108aec00d022ef00e022ef00e222ef001002200083
:108afc00401688000080fa00000006000000fa0012
:108b0c000a000700d822ef00c822ef00ca22ef00ab
:108b1c00cc22ef008002200080168800e022ef00bb
:108b2c00e222ef000080fa00000006000000fa00cc
:108b3c00c9e2a9000080fa00000006000400fa0057
:108b4c00204798000040eb00004f78004116800051
:108b5c0000002800008060000000e00012003a00d5
:108b6c002e4090000080fb00c200dd0020002b0096
:108b7c000080400010007800c01688002e40900045
:108b8c000080fb004200dd008080e80020002b000c
:108b9c00008040001000780040168800c9e2a80050
:108bac0010c0b300004f78001e4078000080fa001f
:108bbc00000006000200fa00004f780000000000e0
:108bcc0080168000620060000000e000fcff3a00ac
:108bdc001e80fb00a016880000000000811680009b
:108bec0000022000008060000000e000fbff3a0063
:108bfc00a0168000004078000080fa0000000600fb
:108c0c000200fa00004f780000000000801680007f
:108c1c00620060000000e000fcff3a001e80fb00d8
:108c2c00a01688000080fa00000006000000fa0080
:108c3c00000000008116800000022000008060000f
:108c4c000000e000fbff3a00a01680000040780016
:108c5c000080fa00000006001200fa00700798006d
:108c6c00010f98000000eb00000f78000000eb00f3
:108c7c001007980000000000801680006200600061
:108c8c000000e000fcff3a0041168000008020004c
:108c9c00008060000000e00059003200fe009000ef
:108cac00410798000000eb00200798000000eb0043
:108cbc00300798000e0890004200de00000f98006c
:108ccc002d00370080168000620060000000e0007c
:108cdc0011003a002e00900000004000ce009000e1
:108cec000080400010007800a01688002e00900034
:108cfc000000e80000004000ce0090000080400022
:108d0c0010007800b01688002e0090000080e8005b
:108d1c00200798001e0fe80081168000000220003a
:108d2c00008060000000e00013003a003e0090005c
:108d3c0000004000ce00900000804000a116800092
:108d4c00010878003e0090000000e80000004000a0
:108d5c00ce00900000804000b11680000108780021
:108d6c003e0090000080e800300798001e00900044
:108d7c000000e800100798000e0890009e00780094
:108d8c00808f5000cfff390018003700811680000b
:108d9c0000022000008060000000e00013003a0098
:108dac003e00900000004000ce009000008040008b
:108dbc00a1168000010878003e0090000000e80039
:108dcc0000004000ce00900000804000b1168000f2
:108ddc00010878003e0090000080e8003007980001
:108dec001e0090000000e800100798009e00900004
:108dfc000e089000808f5000e4ff39006e003700a1
:108e0c004116800000402000008060000000e0005f
:108e1c0037003200fe009000510798000e089000b9
:108e2c000000d100000f9800190037008016800058
:108e3c00620060000000e00007003a001e007800ad
:108e4c0000004000de009000008040001000780020
:108e5c00a01688001e0fe80081168000000220007a
:108e6c00008060000000e00009003a001e00900045
:108e7c0000004000de00900000804000a116800041
:108e8c00010878001e0090000000e8001007980010
:108e9c000e0890009e007800808f5000e3ff390090
:108eac000e00370081168000000220000080600058
:108ebc000000e00009003a001e0090000000400095
:108ecc00de00900000804000a116800001087800b0
:108edc001e0090000000e800100798009e00900013
:108eec000e089000808f5000eeff390032003700e2
:108efc00fe00900061079800180037008016800073
:108f0c00620060000000e00006003a006e00900075
:108f1c001e004000104078000080fb00a016880066
:108f2c001e0fe80081168000000220000080600007
:108f3c000000e00009003a00ee0090001e009000d6
:108f4c0000804000a1168000814078000148780024
:108f5c001e0090000000e800100798000e0890001a
:108f6c009e007800808f5000e4ff39000e0037001f
:108f7c008116800000022000008060000000e000ec
:108f8c0009003a00ee0090001e00900000804000a6
:108f9c00a116800081407800014878001e009000e6
:108fac000000e800100798009e0090000e0890004a
:108fbc00808f5000eeff39000080fa0000000600a0
:108fcc001000fa0060079800710798000000eb0091
:108fdc00000f78000000eb00100798000000000064
:108fec0080168000620060000000e000fcff3a0088
:108ffc004116800000802000008060000000e0002e
:10900c003b003200ee009000310798000000eb00ae
:10901c00200798007e0090004200de007007980048
:10902c001f00370080168000620060000000e00026
:10903c0011003a002e00900000004000be0090008d
:10904c000080400010007800a01688002e009000d0
:10905c000000e80000004000be00900000804000ce
:10906c0010007800b01688002e0090000080e800f8
:10907c00200798001e0fe8008116800000022000d7
:10908c00008060000000e00005003a00a01680009f
:10909c00b01680001e0090000000e8001007980039
:1090ac007e0090009e007800808f5000ddff39001c
:1090bc000a0037008116800000022000008060004a
:1090cc000000e00005003a00a0168000b0168000f9
:1090dc001e0090000000e800100798009e00900011
:1090ec007e009000808f5000f2ff39005a0037004c
:1090fc004116800000402000008060000000e0006d
:10910c002d003200ee009000410798007e00900088
:10911c000000d10070079800140037008016800002
:10912c00620060000000e00007003a001e007800ba
:10913c0000004000ce00900000804000100078003d
:10914c00a01688001e0fe800811680000002200087
:10915c00008060000000e00004003a00a0168000cf
:10916c001e0090000000e800100798007e009000a0
:10917c009e007800808f5000e8ff3900090037000e
:10918c008116800000022000008060000000e000da
:10919c0004003a00a01680001e0090000000e800b9
:1091ac00100798009e0090007e009000808f500069
:1091bc00f3ff390028003700ee00900051079800ab
:1091cc001300370080168000620060000000e00091
:1091dc0006003a005e0090001e004000104078002f
:1091ec000080fb00a01688001e0fe800811680008e
:1091fc0000022000008060000000e00004003a0043
:10920c00a01680001e0090000000e80010079800d7
:10921c007e0090009e007800808f5000e9ff39009e
:10922c0009003700811680000002200000806000d9
:10923c000000e00004003a00a01680001e00900020
:10924c000000e800100798009e0090007e0090003f
:10925c00808f5000f3ff39000080fa0000000600f8
:10926c001600fa00100f9800210f98000000eb0078
:10927c00000f78000000eb001007980000000000c1
:10928c0080168000620060000000e000fcff3a00e5
:10929c004116800000802000008060000000e0008b
:1092ac004d0032009e089000310798000000eb0042
:1092bc00400798000000eb00200798002e08900053
:1092cc004200de00200f980021003700801680003d
:1092dc00620060000000e00005003a00ce00900043
:1092ec00a1168800ce009000b11688001e0fe80071
:1092fc008116800000022000008060000000e00069
:10930c0013003a002e00900000004000be009000b8
:10931c0000804000a1168000010878002e0090000b
:10932c000000e80000004000be00900000804000fb
:10933c00b1168000010878002e0090000080e80033
:10934c00200798001e0090000000e800100798000d
:10935c002e0890009e007800808f5000dbff3900b3
:10936c001800370081168000000220000080600089
:10937c000000e00013003a002e00900000004000b6
:10938c00be00900000804000a1168000010878000b
:10939c002e0090000000e80000004000be0090008d
:1093ac0000804000b1168000010878002e0090006b
:1093bc000080e800200798001e0090000000e800e4
:1093cc00100798009e0090002e089000808f50008f
:1093dc00e4ff39006c00370041168000004020008b
:1093ec00008060000000e000350032009e08900014
:1093fc00510798000000eb00600798002e089000c1
:10940c000000d100200f9800150037008016800056
:10941c00620060000000e00003003a00ee009000e3
:10942c00a11688001e0fe8008116800000022000a3
:10943c00008060000000e00009003a001e0090006f
:10944c0000004000de00900000804000a11680006b
:10945c00010878001e0090000000e800100798003a
:10946c002e0890009e007800808f5000e7ff390096
:10947c000e00370081168000000220000080600082
:10948c000000e00009003a001e00900000004000bf
:10949c00de00900000804000a116800001087800da
:1094ac001e0090000000e800100798009e0090003d
:1094bc002e089000808f5000eeff390032003700ec
:1094cc009e089000710798000040eb000057980030
:1094dc001600370080168000620060000000e0007b
:1094ec0004003a000e5090000080fb00a01688008b
:1094fc001e0fe80081168000000220000080600032
:10950c000000e00009003a00fe0090001e009000f0
:10951c0000804000a116800081407800014878004e
:10952c001e0090000000e800100798002e08900024
:10953c009e007800808f5000e6ff39000e00370047
:10954c008116800000022000008060000000e00016
:10955c0009003a00fe0090001e00900000804000c0
:10956c00a116800081407800014878001e00900010
:10957c000000e800100798009e0090002e08900054
:10958c00808f5000eeff39000080fa0000000600ca
:10959c000000fa00811680000002200000806000ac
:1095ac0000f0a7000000ea000000e9004f00de0018
:1095bc00004078000080fa00000006000000fa006d
:1095cc00801680006200600000f0a7000000ea0036
:1095dc000000e9004f00de00004078000080fa0037
:0495ec000000060075
:020000040000fa
:1095f0003a14000046000000800000001010000037
:1096000006000000800000002e1500000a00000087
:1096100082000000000001000002000003000400be
:1096200000000000381500000a0000008000000063
:109630002e10000002000000800000003a10000020
:109640000004000082000000c800ca0000cc000036
:10965000ce00d00000d30000d500d70000d9000014
:10966000db00de0000e00000e200e40000e60000b5
:10967000e900eb0000ed0000ef00f10000f3000056
:10968000f600f80000fa0000fc00fe0000000100f7
:10969000020104000106010008010b00010d010098
:1096a0000f0111000113010015011700011901003c
:1096b0001b011d00011f01002001220001240100e7
:1096c00026012800012a01002c012e00012f010093
:1096d000310133000135010037013800013a010042
:1096e0003c013d00013f01004101420001440100f5
:1096f00046014700014901004a014c00014d0100ab
:109700004f01500001520100530154000156010065
:1097100057015800015a01005b015c00015e010025
:109720005f016000016101006201630001650100e9
:10973000660167000168010069016a00016b0100b0
:109740006c016d00016d01006e016f000170010080
:109750007101710001720100730174000174010054
:10976000750175000176010077017700017801002d
:10977000780179000179010079017a00017a01000c
:109780007a017b00017b01007b017b00017c0100f1
:109790007c017c00017c01007c017c00017c0100db
:1097a0007c017c00017c01007c017c00017c0100cb
:1097b0007b017b00017b01007b017a00017a0100c3
:1097c0007a017900017901007901780001780100be
:1097d00077017700017601007501750001740100c1
:1097e00074017300017201007101710001700100c8
:1097f0006f016e00016d01006d016c00016b0100d5
:109800006a016900016801006701660001650100e5
:10981000630162000161010060015f00015e0100ff
:109820005c015b00015a010058015700015601001c
:10983000540153000152010050014f00014d01003d
:109840004c014a0001490100470146000144010062
:1098500042014100013f01003d013c00013a01008d
:10986000380137000135010033013100012f0100bb
:109870002e012c00012a01002801260001240100ec
:1098800022012000011f01001d011b000119010020
:10989000170115000113010011010f00010d010056
:1098a0000b01080001060100040102000100010093
:1098b000fe00fc0000fa0000f800f60000f30000d3
:1098c000f100ef0000ed0000eb00e90000e6000011
:1098d000e400e20000e00000de00db0000d9000050
:1098e000d700d50000d30000d000ce0000cc00008f
:1098f000ca00c80000c50000c300c10000bf0000ce
:10990000bc00ba0000b80000b600b40000b100000e
:10991000af00ad0000ab0000a900a60000a400004d
:10992000a200a000009e00009c009900009700008b
:1099300095009300009100008f008d00008b0000c7
:10994000890087000084000082008000007e000003
:109950007c007a000078000076007400007200003d
:1099600070006f00006d00006b0069000067000070
:10997000650063000061000060005e00005c0000a4
:109980005a005800005700005500530000520000d4
:1099900050004e00004d00004b0049000048000000
:1099a000460045000043000042004000003f000028
:1099b0003d003c00003b000039003800003700004b
:1099c000350034000033000031003000002f00006b
:1099d0002e002d00002c00002a0029000028000085
:1099e000270026000025000024002300002200009c
:1099f00022002100002000001f001e00001e0000a9
:109a00001d001c00001b00001b001a00001a0000b3
:109a100019001800001800001700170000160000b9
:109a200016001600001500001500150000140000b7
:109a300014001400001400001300130000130000b1
:109a400013001300001300001300130000130000a4
:109a50001300130000130000130014000014000092
:109a60001400140000150000150015000016000079
:109a7000160016000017000017001800001800005c
:109a800019001a00001a00001b001b00001c000037
:109a90001d001e00001e00001f002000002100000d
:109aa00022002200002300002400250000260000e0
:109ab00027002800002900002a002c00002d0000ab
:109ac0002e002f0000300000310033000034000071
:109ad000350037000038000039003b00003c000032
:109ae0003d003f00004000004200430000450000f0
:109af00046004800004900004b004d00004e0000a9
:109b0000500052000053000055005700005800005c
:109b10005a005c00005e000060006100006300000d
:109b200065006700006900006b006d00006f0000b9
:109b3000700072000074000076007800007a000067
:109b40007c007e000080000082008400008700000e
:109b500089008b00008d00008f00910000930000b1
:109b600095009700009900009c009e0000a0000056
:109b7000a200a40000a60000a900ab0000ad0000f8
:109b8000af00b10000b40000b600b80000ba000099
:109b9000bc00bf0000c10000c300c5000000000001
:109ba00022100000040000008200000010270000c6
:109bb00000000000e21400001e000000820000000f
:109bc0000000000000000000000001000000ab00e9
:109bd000ffff000000000000010000005600000030
:109be0000000000000010000161000000600000048
:109bf0008000000030100000020000008000000023
:109c00000010000008000000800000002610000086
:109c10000400000080000000c214000020000000ca
:109c200080000000321000000200000082000000ee
:109c3000ffff000034100000020000008000000060
:109c40003610000002000000800000002a10000012
:109c50000400000080000000081000000800000060
:109c6000820000000200ff000000000080bf000032
:109c70001c100000060000008000000038100000ea
:109c8000020000008000000080140000420000007c
:109c90008200000084148600148614000100030072
:109ca0000000000000000000000000000000ee00c6
:109cb0001e00000000000000005c1900a80f00005a
:109cc0000000000000000000000000000000000094
:109cd0000000000000000000000000000000000084
:109ce0000000000000000000000000001e15000041
:109cf0001000000082000000494e460000696e001e
:109d000066004e00414e00006e616e0000000000d3
:109d1000001500001e00000082000000286e69008f
:109d20006c29000025006800076c09004c836a005c
:109d30009074a0007ac000008068880000846c00e5
:109d40008200810042150000020000008000000037
:049d5000000000000f
:020000040000fa
:109d54000000fa0000000000a115800000022000ad
:109d6400008060000000e000fbff3a00c0158000a6
:109d7400004078000080fa00000006000200fa00ab
:109d8400004f780000000000a01580006200600011
:109d94000000e000fcff3a001e80fb00c0158800b4
:109da4000080fa00000006000200fa00004f78006c
:109db40000000000a0158000620060000000e000c8
:109dc400fcff3a001e80fb00c01588000000000064
:109dd400a115800000022000008060000000e00067
:109de400fbff3a00c0158000004078000080fa00b4
:109df400000006000200fa00ade2a900b4c2a90006
:109e0400c0158000000f78001e007800bc22ef000f
:109e1400ae22ef00b022ef00c422ef00c622ef0012
:109e2400aca2a900ad22a900ace2a800ad02a80032
:109e34000128a9002128a80021428000f0f82f0061
:109e44008080600000032000010070002042880030
:109e5400ade2a80000ad2a002fe00700a0158000a5
:109e640011800a00000000000081fb0060158000e2
:109e740077800a00000000008080fb0060158000ed
:109e840055800a00000000000080fb00821f78005b
:109e9400811f7800801f780080ae2a00801f780020
:109ea4000ee00700e88757000080fa000000060073
:109eb4000200fa000040eb00d2050700004f7800d2
:109ec4001e4078000004a2000004e00003003200f9
:109ed40090b32a0010e007000200370030b62a00d1
:109ee4000de007000080fa00000006000000fa0000
:109ef400b405070010b82a0007e007000080fa0044
:109f0400000006000a00fa00881f780015d0bf0080
:109f14000004a2000004e0009e003a00a0472100d3
:109f240090407800114798001e409000e14f500087
:109f340028003a0014d0bf00e24f500025003a0038
:109f4400b047210090407800214798002e409000af
:109f54000080fb00801f780000ba2a00801f780070
:109f6400cddf0700e48757002e4090000004e00096
:109f740005003a00300020004080880070bc2a00b0
:109f8400e5df07000f0037002e409000e14f50003e
:109f940005003a00100020004080880060be2a00be
:109fa400dddf0700070037002e4090000080fb0033
:109fb400801f780040c02a00801f7800b6df0700a9
:109fc400e4875700e0c22a00d3df070075000700ca
:109fd4006c0037001e409000e24f50004b003a00e6
:109fe40014d0bf00e54f500048003a006600470017
:109ff40020079800b0472100904078002e00900080
:10a00400014878002e0090000000e800c1472100bc
:10a0140091407800014878002e0090000080e8000c
:10a02400d147210091407800014878002e0090002b
:10a0340063004000e1472100914078000148780026
:10a044003e009000ce009000809fbe00b0c62a0063
:10a05400801f780090df0700e68757003e009000dd
:10a06400ce00900018c0b3000200200003f82300c3
:10a07400b4dc07000000e00001003d000044eb00f8
:10a084000804e000160032003e009000ce0090006c
:10a0940018c0b3000200200023282400a7dc070016
:10a0a4000000e000010035000044eb000804e0007b
:10a0b4000b0032003e009000ce00900034060700f2
:10a0c4003e009000ce009000809fbe0050c92a0040
:10a0d400801f780070df0700e6875700070037000d
:10a0e4003e009000ce009000809fbe00b0cb2a00be
:10a0f400801f780068df0700e6875700b0ce2a008b
:10a1040085df0700270007001e0037001e4090006f
:10a114000080fb00801f780080d22a00801f780016
:10a124005ddf0700e48757000040eb00004f780034
:10a134000b0037001e80fb00a14721000080400077
:10a14400104078000080fb00801f780080d52a0032
:10a15400801f780050df0700e48757001e4fe80097
:10a1640014d0bf009e40780080cf5000030031001f
:10a174001e407800e44f5000eeff3600e0d52a0080
:10a1840065df07001370ef001470ef001570ef0027
:10a1940001003700000000004f0478000080fa003e
:10a1a400000006000a00fa00e0d92a005adf07007e
:10a1b400220207005d0207000040eb00004f780018
:10a1c4001e80fb00a14321000080400001c1b300b8
:10a1d400014878001e4fe8000000eb0010079800cb
:10a1e4001e0037001e0090008000400080532100b4
:10a1f4000080400090007800f0ff200000806000a4
:10a20400300798003e0090004800de0000407800cf
:10a214006f406000004f98003e009000104f98007f
:10a224001e80fb00a1432100008040008e48900066
:10a23400014878001e4fe8001e80fb00a143210066
:10a24400008040001e499000024878001e4fe8003c
:10a254001e0090000000e800100798001e00900007
:10a26400e40f5000dfff34001e80fb00a1432100f7
:10a2740000804000a1cab300014878001e4fe800e6
:10a284001e41780001012100824878001170ef001e
:10a2940010c0b30012f0b70010d0bf000080fb0064
:10a2a400801f780040dc2a00801f7800fade070057
:10a2b400e487570060df2a00801f7800f6de07007d
:10a2c4008f87e9000000eb00200798000d0037009d
:10a2d400a14321002e00900000804000104078002f
:10a2e4000080fb00801f780080d52a00801f780042
:10a2f400e9de0700e48757002e0090000000e80024
:10a304002007980010d0bf008080fb002e00900032
:10a31400808f5000eeff3c00e0d52a00fede0700ef
:10a324000080fa00000006000000fa006022ef003e
:10a3340000802000101388000008200020138800eb
:10a34400e00220003013880030022000401388000f
:10a354006a22ef0061e2a80060a2a8006082a8005f
:10a364000080fa00000006000000fa006022ef00fe
:10a374006222ef000008200020138800e002200081
:10a38400301388006822ef006a22ef000080fa0090
:10a39400000006000000fa000000000030138000f6
:10a3a400620060000000e000fcff3a00201380001f
:10a3b400620060000000e000010032006422a90095
:10a3c40060138000004078000080fa00000006005e
:10a3d4000200fa00004f78000000000030138000f3
:10a3e400700060000000e000fcff3a001e80fb00eb
:10a3f400801388000080fa00000006000000fa00c4
:10a40400301380006200600000f0a7000000ea0042
:10a414000000e9004f00de00004078000080fa00f0
:10a42400000006000000fa00301380007000600095
:10a434000000e00007003a00011380000002200041
:10a44400008060000000e0000200320010002000e4
:10a45400010037000000eb00004078000080fa00a3
:10a46400000006000000fa0021138000000820000c
:10a47400008060000000e00007003200311380001b
:10a4840000022000008060000000e00002003200b2
:10a4940010002000010037000000eb0000407800ad
:10a4a4000080fa00000006000000fa0060a2a80084
:10a4b4000080fa00000006000000fa0060a2a90073
:10a4c4000080fa00000006000200fa00004f780045
:10a4d40084c2a9001e80fb00610060004200dd0010
:10a4e400211480000120a1000100700020148800c4
:10a4f4001e80fb00610060004600dd000113800047
:10a504000160a10001007000001388000080fa00bf
:10a51400000006000000fa000013800066800a00b4
:10a52400000000000080fb0000f0a7000000ea002b
:10a534000000ea004f00de00004078000080fa00ce
:10a54400000006000000fa002014800022800a00a7
:10a55400000000000080fb0000f0a7000000ea00fb
:10a564000000ea004f00de00004078000080fa009e
:10a57400000006000000fa003630ef0020138000cf
:10a58400680060000000e00003003200b081800039
:10a594000000a000b0818800211380000004200086
:10a5a400008060000000e00003003200b081800001
:10a5b4000010a000b08188002013800062006000b9
:10a5c4000000e00004003200b08180000020a00000
:10a5d400b08188006422a90020138000610060001b
:10a5e4000000e00004003200b08180000030a000d0
:10a5f400b08188006402a9002113800000022000b9
:10a60400008060000000e00004003200b08180009f
:10a614000040a000b081880064a2a900b08180003d
:10a624000080fa00000006000400fa00008fbe005b
:10a634001e007800401388001e00be004008de00a3
:10a64400000078006f006000501388000080fa005a
:10a65400000006000400fa00501380008000eb00a4
:10a66400008fbe001e00be00c001dd0002002000fd
:10a67400401380008000eb00001f710001977100ff
:10a684001e00be000080fa00000006000800fa0068
:10a6940020079800310798002e019000be01900019
:10a6a4003000200001002000800f5100818f5900ec
:10a6b4000e0036002e009000be009000e00f500007
:10a6c400e08f5800090032006362a80060e2a9002c
:10a6d4002e019000be01900000902000d1032000c4
:10a6e4004adb0700008fbe00100037006362a90038
:10a6f40060e2a8002e019000be0190004218dd0027
:10a70400ce10de00810070004210dd000001be00aa
:10a7140000902000d10320003cdb07000081eb0007
:10a724008081eb00021f4000039748001e00780060
:10a73400401388001e00be004008de0000007800c0
:10a744006f006000501388000080fa0000000600cb
:10a754000800fa00bfff070020079800310798009f
:10a764001113800000802000008060000000e000e1
:10a774000c0032002e009000be009000e00f50004c
:10a78400e08f5800070032002e019000be019000b7
:10a7940000902000d10320001cdb0700008fbe00c6
:10a7a40020003700011380000008200000806000b2
:10a7b4000000e0000e0032002e009000be00900069
:10a7c40061014000e08148004218dd00ce10de0047
:10a7d400810070004210dd000001be0000902000e6
:10a7e400d103200009db0700008fbe000d003700f5
:10a7f4002e009000be00900061014000e0814800fe
:10a804004418dd00cc10de00810070004410dd002f
:10a814000001be0000902000d1032000fbda0700f5
:10a82400008fbe001e00be000080fa00000006007b
:10a834000000fa0008cba8000080fa00000006001f
:10a844000200fa00000f78000080fa000000060001
:10a854000400fa00100798000000eb00000f7800d5
:10a864001e009000e20f500012003200e20f500070
:10a8740005003e000000e00008003200e10f500037
:10a884000900320014003700e30f50000c003200be
:10a89400e40f50000d0032000f003700d16080003b
:10a8a400010f78000c003700e1608000010f780090
:10a8b4000900370031618000010f7800060037007d
:10a8c40041618000010f780003003700516180006e
:10a8d400010f7800000000001e0078000080fa00dc
:10a8e400000006000400fa00100798000040eb0086
:10a8f400004f78001e009000e20f5000200032004c
:10a90400e20f500005003e000000e00008003200a5
:10a91400e10f50001000320037003700e30f500001
:10a9240021003200e40f50002900320032003700c9
:10a934008059800077800a00000000000080fb003e
:10a9440000f0a7000000ea000000ea004f00de006b
:10a95400004f7800280037008059800088800a0062
:10a96400000000000080fb0000f0a7000000ea00e7
:10a974000000ea004f00de00004f78001e003700a0
:10a9840080598000dd800a00000000000080fb0088
:10a9940000f0a7000000ea000000ea004f00de001b
:10a9a400004f78001400370080598000ee800a00c0
:10a9b400000000000080fb0000f0a7000000ea0097
:10a9c4000000ea004f00de00004f78000a00370064
:10a9d40080598000ff800a00000000000080fb0016
:10a9e40000f0a7000000ea000000ea004f00de00cb
:10a9f400004f7800000000001e4078000080fa003c
:10aa0400000006000000fa001e4ea8001e6ea800fa
:10aa14003a2ea8003a4ea8003a6ea8001c4ea80090
:10aa24001c6ea800382ea800384ea800386ea80066
:10aa34009bf607000080fa00000006000400fa00fc
:10aa44000000eb00000f7800330037001e00780090
:10aa540080004000e0522100008040001000780097
:10aa640077ff070072ff0700000000001e00780057
:10aa740080004000e0522100008040001000780077
:10aa840098ff07000004a2000004e000f7ff3a006a
:10aa94001e00780080004000e05221000080400049
:10aaa400100078006aff0700100798001e0090004d
:10aab4008000eb0042ce20008289b900e002b90098
:10aac400840178000301410043ce20000300b80054
:10aad4000101410082007800f2ff20000300200001
:10aae4004ada0700800078001e0078000001400068
:10aaf400805321000000410001087800f1a9800082
:10ab0400f07c2000808f50000200360030002000ce
:10ab1400408088001e0fe8001e007800e40f5000fb
:10ab2400caff34000080fa00000006000200fa00a8
:10ab34000000eb00000f78000c0037001e007800c6
:10ab44008000400080532100008040001000780005
:10ab5400801f78009e1f7800e0022b00801f780081
:10ab6400dedc0700e68757001e0fe8001e007800b1
:10ab7400e40f5000f1ff34000080fa0000000600ea
:10ab84000000fa0080e02a00e3dc0700c0040700ac
:10ab9400f0e02a00e0dc0700f0e22a00801f7800e1
:10aba400b4dc07008f87e90000f02900410220008f
:10abb400e1040700f8ff37000400fa00d904070095
:10abc400008fbe00e0808000e30f500037003200a9
:10abd400e30f500005003e00e10f50001800320062
:10abe400e10f500022003e0009003700e50f50003d
:10abf40049003200e50f500038003900e60f5000dc
:10ac040051003200e70f50005a0032006400370050
:10ac140010c0b300c503070040e32a00bedc0700f0
:10ac240010c0b3000af0b7001e01be00f280880015
:10ac34000381880010002000e08088006200370053
:10ac4400f0808000018180003e011000ae81180078
:10ac5400301f200001002000800f5100818f590017
:10ac64005200360020002000e080880056003700a3
:10ac74000000200001122400b703070080e52a0029
:10ac8400a5dc070000002000011224006080880079
:10ac9400718088001e01be00f28088000381880054
:10aca40030002000e080880047003700f0808000fa
:10acb400018180003e011000ae811800301f200089
:10acc40001002000800f5100818f590039003600a7
:10acd40040002000e08088003b0037000000200096
:10ace400011a24009c030700f0e72a008adc07000d
:10acf40000002000011a2400608088007180880010
:10ad04001e01be00f28088000381880050002000ec
:10ad1400e08088002c003700f080800001818000f2
:10ad24003e011000ae811800301f200001002000f9
:10ad3400800f5100818f59002000360060002000f0
:10ad4400e0808800200037000040eb007703070014
:10ad540060ea2a0070dc07000a70ef001e01be00e2
:10ad6400f28088000381880070002000e080880061
:10ad740015003700f0808000018180003e01100042
:10ad8400ae811800301f200001002000800f510008
:10ad9400818f59000b0036001c30ef000a00370089
:10ada4001c30ef0000000000070037000000000026
:10adb4000500370000000000030037000000000019
:10adc40001003700000000000080fa0000000600c7
:10add4000400fa00100798000040eb00004f7800d0
:10ade4001e0090000000e00002003d0010c0b3000f
:10adf400004f78001e4078000080fa000000060032
:10ae04000400fa00100798000040eb00004f78009f
:10ae14009e00900000002400008060000000e0001c
:10ae24000200320010c0b300004f78001e407800ca
:10ae34000080fa00000006000400fa0010079800e1
:10ae44000040eb00004f78009e009000002020009e
:10ae5400008060000000e0000200320010c0b30077
:10ae6400004f78001e4078000080fa0000000600c1
:10ae74000400fa00100798000040eb00004f78002f
:10ae84009e00900000082000008060000000e000a8
:10ae94000200320010c0b300004f78001e4078005a
:10aea4000080fa00000006000400fa001007980071
:10aeb4000040eb00004f78009e009000000420004a
:10aec400008060000000e0000200320010c0b30007
:10aed400004f78001e4078000080fa000000060051
:10aee4000400fa00100798000040eb00004f7800bf
:10aef4001e009000700060000000e00002003200bc
:10af040010c0b300004f78001e4078000080fa00a3
:10af1400000006000200fa00000f78009e80ea009c
:10af2400007c800000806000007c88000080fa00c3
:10af3400000006000000fa00007c80000080fa0097
:10af4400000006000200fa00faff0700000f780074
:10af54001e0078009eff07000004e000020032009b
:10af640000002800ebff07001e007800a4ff070084
:10af74000004e0000200320000002400e5ff0700a6
:10af84001e007800acff07000004e000020032005d
:10af940000202000dfff07001e007800b4ff070038
:10afa4000004e0000200320000082000d9ff07007e
:10afb4001e007800bcff07000004e000020032001d
:10afc40000042000d3ff07001e007800c4ff070020
:10afd4000004e0000200320000012000cdff070061
:10afe4000080fa00000006000000fa00802fef0045
:10aff4000080fa00000006000000fa00c3e8a80080
:10b0040000000000000000000080fa0000000600bc
:10b014000000fa00c3e8a9000000000000000000de
:10b024000080fa00000006000000fa00f8ff0700a4
:10b0340082030700f0ff0700608f2500610007000e
:10b0440025a8a8000080fa00000006000000fa000d
:10b0540000002800e00288000080fa0000000600da
:10b064000000fa00000024000003880010c0b300b0
:10b0740000f0b7000080fa00000006000000fa00ab
:10b084000070ef00000000004003800061006000d9
:10b094000000e000fcff3200800020002003880054
:10b0a4000080fa00000006000200fa000040eb00f5
:10b0b400004f780040038000610060000040780089
:10b0c4000004e0000200320010c0b300004f78001a
:10b0d4001e4078000080fa00000006000000fa001c
:10b0e40000d0bf000080fa00000006000400fa004f
:10b0f4006000b800008fbe00b00380008000eb0049
:10b10400c000dd0000002000008fbe00a00380000e
:10b114008000eb003e017000ae8170000200be00b2
:10b124000080fa00000006000400fa006000b80085
:10b13400008fbe00d00380008000eb00c000dd0063
:10b1440000002000008fbe00c00380008000eb00e0
:10b154003e017000ae8170000200be000080fa0063
:10b16400000006000200fa000000eb00000f780067
:10b1740041038000100e2000008f60001e00780044
:10b184000080fa00000006000400fa006000b80025
:10b19400008fbe00700380008000eb00c000dd0063
:10b1a40000002000008fbe00600380008000eb00e0
:10b1b4003e017000ae8170000200be000080fa0003
:10b1c400000006000200fa00000f78001e0078005c
:10b1d4000000e000020032009e0078003180880008
:10b1e4000080fa00000006000000fa000080fa0067
:10b1f400000006000200fa00000f78001e0078002c
:10b2040040009000e10f50000a003a001e00780050
:10b214001001be001e007800b000900020009000d5
:10b2240002004000838048001e0178000089be00af
:10b23400090037001e0078001001be001e007800cf
:10b24400b00090002000900000005100818059005f
:10b254001e0178000089be001e0078001001be00a7
:10b26400f0ff210001002000800f5100818f590060
:10b27400090036001e0078001001be0000002e00f8
:10b28400f1ff2f0002004000838048001e01780077
:10b294000089be000d0037001e0078001000be00bb
:10b2a400e00f5000e08f580008003d001e007800b9
:10b2b4001001be0000002200010020000200400036
:10b2c400838048001e0178000089be000080fa00d7
:10b2d400000006000600fa00200798002e009000e7
:10b2e4001000be004c09dd004400de0000007100c7
:10b2f400c408de00000f7800f01f20009e007800d4
:10b30400808f500002003600f01f2000000f7800ec
:10b314001e00780080004000a0032100008040004f
:10b3240090007800110798002e009000b1ff0700ec
:10b334001e0090000080fa00000006000a00fa00d7
:10b34400881f780020079800320798004307980068
:10b3540002002000036024003e009000ce00900014
:10b3640019d9070002002400c361240037d807005c
:10b37400008fbe0018c0b3000200200003f82300b1
:10b384001e00be00edd707000000e00001003500fc
:10b394000044eb000804e000030032000000200039
:10b3a40001f82300008fbe001e00be00e7d707008f
:10b3b4002e01900020019800310198004f0478007c
:10b3c4000080fa00000006000000fa00b14280008c
:10b3d400f0f82f00008060000040a000b042880018
:10b3e400b1448000f0f82f00008060000040a0000d
:10b3f400b0448800b1448000f08f2f0000806000ca
:10b404000080a000b044880001438000f0ff2800c1
:10b414000080600000c0a000004388001143800049
:10b4240080ff2f00008060000000a000104388000f
:10b4340011438000f0f82f00008060000040a0005d
:10b4440010438800a1448000f0f82f0000806000c1
:10b454000040a000a0448800a1448000f08f2f0089
:10b46400008060000080a000a0448800a144800007
:10b47400f0ff28000080600000c0a000a044880005
:10b48400b144800080ff2f00008060000000a00015
:10b49400b044880001428000f0f82f000080600072
:10b4a4000040a000004288000080fa00000006006e
:10b4b4000000fa00b1428000f0f82f000080600024
:10b4c4000060a000b0428800b1448000f0f82f0072
:10b4d400008060000060a000b0448800b144800097
:10b4e400f08f2f000080600000a0a000b04488000e
:10b4f40001438000f0ff28000080600000e0a0000d
:10b50400004388001143800080ff2f00008060000a
:10b514000020a0001043880011438000f0f82f00a1
:10b52400008060000060a00010438800a1448000f7
:10b53400f0f82f00008060000060a000a0448800a4
:10b54400a1448000f08f2f000080600000a0a000c4
:10b55400a0448800a1448000f0ff2800008060001f
:10b5640000e0a000a0448800b144800080ff2f00c8
:10b57400008060000020a000b044880001428000e8
:10b58400f0f82f00008060000060a00000428800f6
:10b594000080fa00000006000000fa00bc22ef0060
:10b5a400ae22ef00b022ef00b422ef00c422ef007d
:10b5b400c622ef0010082000601588000080fa0001
:10b5c400000006000000fa000a000700bc22ef0099
:10b5d400ac22ef00ae22ef00b022ef008002200088
:10b5e400a0158800c422ef00c622ef000080fa00f4
:10b5f400000006000000fa00ade2a9000080fa0095
:10b60400000006000400fa00204798000040eb0008
:10b61400004f780061158000000028000080600061
:10b624000000e0000a003a002e4090000080fb0079
:10b634008000400080012b00008040001000780052
:10b6440060158800ade2a80010c0b300004f780078
:10b654001e4078000080fa00000006000200fa0094
:10b66400004f780000000000a01580006200600018
:10b674000000e000fcff3a001e80fb00c0158800bb
:10b6840000000000a115800000022000008060007e
:10b694000000e000fbff3a00c01580000040780085
:10b6a4000080fa00000006000200fa00004f780053
:10b6b40000000000a0158000620060000000e000af
:10b6c400fcff3a001e80fb00c01588000080fa00d1
:10b6d400000006000000fa0000000000a115800030
:10b6e40000022000008060000000e000fbff3a0040
:10b6f400c0158000004078000080fa0000000600b9
:10b704000000fa00a1158000000220000080600003
:10b7140000f0a7000000ea000000e9004f00de008e
:10b72400004078000080fa00000006000000fa00e3
:10b73400a01580006200600000f0a7000000ea008d
:10b744000000e9004f00de00004078000080fa00ad
:10b75400000006000000fa00217c800000002700a1
:10b764008080600000002100808f500006003200bd
:10b77400217c8000000027008080600000002300fe
:10b78400808f50001c003a0085cfbf008080fb00f2
:10b7940080ff2f000081600080072000a1092000a5
:10b7a40053f8200080497800814978008249780064
:10b7b40012002000600420007105200043f82000de
:10b7c40080497800814978008249780000000000af
:10b7d400207c8000610060000000e000fcff3a0073
:10b7e40000000000217c8000000220000080600036
:10b7f4000000e000fbff320010002300307c8800d2
:10b8040060092000407c88008c2fef001004200089
:10b81400507c880010102000707c88006009200093
:10b82400807c880010042000907c88000050200058
:10b83400d07c8800b82fef00ba2fef00be2fef00a6
:10b84400002def00a02fef00a42fef00a62fef0094
:10b85400a82fef00aa2fef00ae2fef00b02fef00bc
:10b86400b22fef000001eb0080072000a1092000a7
:10b8740053f8200080497800814978008249780093
:10b884000001eb00600420007105200043f8200053
:10b894008049780081497800824978000080fa0064
:10b8a400000006000000fa00707c8000ee800a00b0
:10b8b400000000000080fb0000f0a7000000ea0088
:10b8c4000000ea004f00de00004078000080fa002b
:10b8d400000006000400fa000000200001f8230024
:10b8e400008fbe001e00be00290007004c23ef009d
:10b8f4008223ef00b823ef00a0f92a0086d90700bd
:10b9040080cf25009ef007000868a9002868a800d9
:10b91400c3e8a80000000000000000002be3a8001a
:10b9240061e3a80097e3a80020fb2a007ad9070066
:10b934000080fa00000006000400fa00008fbe0038
:10b944001e00be0081d60700000078008000780049
:10b9540010002000e00007001e00be007bd6070098
:10b96400000078008000780020002000da00070042
:10b974001e00be0075d60700000078008000780025
:10b9840030002000d40007000080fa000000060008
:10b994000400fa00008fbe001e01be00204e2100ec
:10b9a40066fe07001e01be00c04e210063fe0700b4
:10b9b4001e01be00604f210060fe07000080fa00f7
:10b9c400000006000200fa00000f78009e007800d4
:10b9d40051a788009e007800a1a788009e007800e7
:10b9e400f1a788000080fa00000006000200fa00b7
:10b9f400000f78000868a90040808000e10f500023
:10ba04000d003a00204e210032fe0700701a880013
:10ba1400c04e21002ffe0700201c8800604f21002b
:10ba24002cfe0700d01d88002e63a8006463a800c4
:10ba34009a63a80001003700000000000868a9000c
:10ba44000080fa00000006000000fa00c9e2a90024
:10ba5400d0c2a900a016800050002000c0168800a3
:10ba6400c8a2a800c902a800c8c2a900c922a80087
:10ba7400c942a900c962a900c9e2a8000080fa006d
:10ba8400000006000200fa00004f780000000000e9
:10ba940080168000620060000000e000fcff3a00b5
:10baa4001e80fb00a01688000000000081168000a4
:10bab40000022000008060000000e000fbff3a006c
:10bac400a0168000004078000080fa000000060004
:10bad4000200fa00004f78001e407800e9ff0700da
:10bae4000080fa00000006000600fa001007980023
:10baf400210798000000eb00000f780005003700d4
:10bb04001e0090001e00400010407800ddff07007a
:10bb14001e0fe8002e0090009e007800808f5000d9
:10bb2400f7ff39000080fa00000006000400fa0064
:10bb34002047980010c0b300004f7800ae4090003a
:10bb440011479800210020000e007800e6ff07004e
:10bb54000080fa00000006000c00fa00400798007c
:10bb64005107980020c0b30020479800680f470091
:10bb74001e00780010407800304798001e00e8004e
:10bb840010407800404798001e80e800104078007c
:10bb9400504798009e007800638040001040780071
:10bba400604798000e80e80051002000ceff070097
:10bbb4000080fa00000006000000fa00400880003f
:10bbc4008000eb000080fa00000006000000fa008c
:10bbd400200880008000eb000080fa0000000600ce
:10bbe4000000fa000021ef000421ef00f0f920002a
:10bbf4004008880020f825002b0007000a000700f1
:10bc04000080fa00000006000000fa000c000700a3
:10bc14000021ef000421ef000080eb0040088800c1
:10bc24000080fa00000006000000fa000028a900c5
:10bc34002028a80001e1a8000080fa000000060006
:10bc44000000fa0001e1a9002028a9000080fa0000
:10bc5400000006000400fa00008fbe001e007800f9
:10bc6400400888000080fa00000006000200fa0084
:10bc7400000f78001e0078000040780067406000e4
:10bc84000080fb00670060004400dd000242800089
:10bc9400f1f82f008100610001007000004288006b
:10bca4000080fa00000006000200fa00000f78008d
:10bcb4001e0078000000e000020032009e007800c0
:10bcc400a18188000080fa00000006000000fa004c
:10bcd4000080fa00000006000400fa00000f78005b
:10bce400110798001e007800e20f5000080032008f
:10bcf400e30f50000a003200e10f50000c003a003c
:10bd04009e009000711a88002e63a8000800370076
:10bd14009e009000211c88006463a8000400370082
:10bd24009e009000d11d88009a63a80000000000c6
:10bd34000080fa00000006000400fa00000f7800fa
:10bd4400110798001e007800e20f5000080032002e
:10bd5400e30f50000a003200e10f50000c003a00db
:10bd64009e009000611a88002e63a8000800370026
:10bd74009e009000111c88006463a8000400370032
:10bd84009e009000c11d88009a63a8000000000076
:10bd94000080fa00000006000200fa00000f78009c
:10bda4001e007800e20f500010003200e20f500035
:10bdb40005003e000000e00008003200e10f5000e2
:10bdc400080032000f003700e30f50000900320072
:10bdd400e40f5000090032000a00370080fc2a00fa
:10bde40009003700d0fc2a000700370000fd2a00b4
:10bdf4000500370050fd2a000300370090fd2a009b
:10be04000100370010fe2a000080fa00000006003e
:10be14000000fe00c658020000000000821f7800e7
:10be2400128080000000110002002000810019002f
:10be34004f017800000006000000fe00801f78001b
:10be4400811f7800821f780060038000801f7800c3
:10be5400c6580200000000004f01780002015000a3
:10be64000201e900128088004f017800cf007800b9
:10be74004f007800000006000000fa00c3e8a800a4
:10be840000000000000000000080fa00000006002e
:10be94000000fa002ffe07003d000700a2f0070093
:10bea40061fc070036ee0700bbfd07000af307003c
:10beb4004bff07001cf90700efff070042fd0700d6
:10bec4000080fa00000006000200fa00000f78006b
:10bed4009e007800918188000000fe000080fa0036
:10bee400000006000000fa00204c210080077800c2
:10bef400a04d2100000188000080fa000000060027
:10bf04000000fa00508180006181800061004000df
:10bf1400e080480050818800618188000080fa0038
:10bf2400000006000000fa0050818000618180005a
:08bf34000080fa000000060085
:020000040000fa
:10bf3c00f03fb1000180b10006003500ee030900ae
:10bf4c0000000000403fb1000180b100fbff3d004c
:10bf5c001000b000203fb000020035000080090046
:08bf6c000000000000000600c7
:020000040000fa
:10bf7400809fbe00ec80570031007800308188003b
:10bf84001100780028f0b7004f00be000000060042
:0cbf94000000fa000080fa000000060027
:020000040000fa
:020000040005f5
:047e0000ffffff0081
:020000040000fa
:020000040005f5
:047e2000ffffff0061
:020000040000fa
:020000040005f5
:047e300078ffff00d8
:020000040000fa
:020000040005f5
:047e3800bbffff008d
:020000040000fa
:020000040005f5
:047e4000ff7fff00c1
:020000040000fa
:020000040005f5
:047e4800ffffff0039
:020000040000fa
:020000040005f5
:047e5000dfffff0051
:020000040000fa
:020000040005f5
:047e58000000ff0027
:020000040000fa
:020000040005f5
:047e60000000ff001f
:020000040000fa
:020000040005f5
:047e68000000ff0017
:020000040000fa
:020000040005f5
:047e70000000ff000f
:020000040000fa
:020000040005f5
:047e7800ffffff0009
:020000040000fa
:020000040005f5
:047e8000fffcff0004
:020000040000fa
:020000040005f5
:047e8800ffffff00f9
:020000040000fa
:020000040005f5
:047ff800ffffff0088
:020000040000fa
:020000040100f9
:04300000ffffff00cf
:00000001FF
